name,location,edition,restaurant_url
Yacob's Kitchen,London,bsy-1-editions,https://deliveroo.co.uk/menu/London/bsy-1-editions/jakobs-kitchen-editions-bsy?day=today&geohash=gcpuyurpq8k1&time=ASAP
Shake Shack ‚Äì Burgers & Shakes,London,bsy-1-editions,https://deliveroo.co.uk/menu/London/bsy-1-editions/shake-shack-editions-bsy?day=today&geohash=gcpuyurpq8k1&time=ASAP
Poke Shack,London,bsy-1-editions,https://deliveroo.co.uk/menu/London/bsy-1-editions/poke-shack-editions-bsy?day=today&geohash=gcpuyurpq8k1&time=ASAP
Dishoom ,London,bsy-2-editions,https://deliveroo.co.uk/menu/London/bsy-2-editions/dishoom-editions-ber?day=today&geohash=gcpuyurpq8k1&time=ASAP
WING¬∑STOP,London,bsy-2-editions,https://deliveroo.co.uk/menu/London/bsy-2-editions/wingstop-editions-ber?day=today&geohash=gcpuyurpq8k1&time=ASAP
Remedy Kitchen,London,bsy-1-editions,https://deliveroo.co.uk/menu/London/bsy-1-editions/remedy-kitchen-editions-bsy?day=today&geohash=gcpuyurpq8k1&time=ASAP
Tao Tao Ju Èô∂Èô∂Â±Ö,London,bsy-2-editions,https://deliveroo.co.uk/menu/London/bsy-2-editions/tao-tao-ju-carlisle-lane?day=today&geohash=gcpuyurpq8k1&time=ASAP
Coqfighter ,London,honor-oak-park,https://deliveroo.co.uk/menu/London/honor-oak-park/coqfighter-editions-dul?day=today&geohash=gcpuyurpq8k1&time=ASAP
Bronson's Burgers,London,south-bermondsey-area,https://deliveroo.co.uk/menu/London/south-bermondsey-area/bronsons-burgers-ormside-street?day=today&geohash=gcpuyurpq8k1&time=ASAP
Jude's Ice Cream,London,bsy-1-editions,https://deliveroo.co.uk/menu/London/bsy-1-editions/judes-ice-cream-editions-sur?day=today&geohash=gcpuyurpq8k1&time=ASAP
Trip CBD Store ,London,south-bermondsey-area,https://deliveroo.co.uk/menu/London/south-bermondsey-area/trip-cbd-store-peckham?day=today&geohash=gcpuyurpq8k1&time=ASAP
Zing Zing ,London,honor-oak-park,https://deliveroo.co.uk/menu/London/honor-oak-park/zing-zing-editions-dul?geohash=gcpuyurpq8k1
Popeyes Louisiana Kitchen,London,culvert-place-editions,https://deliveroo.co.uk/menu/London/culvert-place-editions/popeyes-editions-bcp?day=today&geohash=gcpuu3ywj8vv&time=ASAP
The Salad Project ,London,culvert-place-editions,https://deliveroo.co.uk/menu/London/culvert-place-editions/the-salad-project-editions-bcp?day=today&geohash=gcpuu3ywj8vv&time=ASAP
Bleecker Burger,London,culvert-place-editions,https://deliveroo.co.uk/menu/London/culvert-place-editions/bleecker-editions-bqr?day=today&geohash=gcpuu3ywj8vv&time=ASAP
Hare & Tortoise,London,culvert-place-editions,https://deliveroo.co.uk/menu/London/culvert-place-editions/hare-and-tortoise-editions-bcp?day=today&geohash=gcpuu3ywj8vv&time=ASAP
Dishoom ,London,culvert-place-editions,https://deliveroo.co.uk/menu/London/culvert-place-editions/dishoom-editions-bcp?day=today&geohash=gcpuu3ywj8vv&time=ASAP
Yacob's Kitchen,London,battersea-york-road,https://deliveroo.co.uk/menu/London/battersea-york-road/jakobs-kitchen-editions-byr-new?day=today&geohash=gcpuu3ywj8vv&time=ASAP
Maroush,London,queenstown-road,https://deliveroo.co.uk/menu/London/queenstown-road/maroush-battersea?day=today&geohash=gcpuu3ywj8vv&time=ASAP
Tao Tao Ju Èô∂Èô∂Â±Ö ,London,culvert-place-editions,https://deliveroo.co.uk/menu/London/culvert-place-editions/tao-tao-ju-editions-bcp?day=today&geohash=gcpuu3ywj8vv&time=ASAP
Poke House üê†,London,nine-elms,https://deliveroo.co.uk/menu/London/nine-elms/ahi-poke-editions-cla?day=today&geohash=gcpuu3ywj8vv&time=ASAP
Marlowe's Burgers & Fries,London,queenstown-road,https://deliveroo.co.uk/menu/London/queenstown-road/marlowes-editions-bqr?day=today&geohash=gcpuu3ywj8vv&time=ASAP
Motu Indian Kitchen,London,battersea-york-road,https://deliveroo.co.uk/menu/London/battersea-york-road/motu-indian-kitchen?day=today&geohash=gcpuu3ywj8vv&time=ASAP
Banh Banh Vietnamese Kitchen,London,wandsworth-editions,https://deliveroo.co.uk/menu/London/wandsworth-editions/banh-banh-editions-wnw?day=today&geohash=gcpuu3ywj8vv&time=ASAP
The Sushi Kitchen,London,battersea-york-road,https://deliveroo.co.uk/menu/London/battersea-york-road/the-sushi-kitchen?day=today&geohash=gcpuu3ywj8vv&time=ASAP
Jude's Ice Cream,London,culvert-place-editions,https://deliveroo.co.uk/menu/London/culvert-place-editions/judes-ice-cream-bcp?day=today&geohash=gcpuu3ywj8vv&time=ASAP
Mindful Chef,London,battersea-york-road,https://deliveroo.co.uk/menu/London/battersea-york-road/mindful-chef-editions-byr?day=today&geohash=gcpuu3ywj8vv&time=ASAP
Ben & Jerry's Store (Editions Battersea),London,battersea-york-road,https://deliveroo.co.uk/menu/London/battersea-york-road/ben-and-jerrys-store-editions-cla?day=today&geohash=gcpuu3ywj8vv&time=ASAP
TRIP CBD Store,London,battersea-york-road,https://deliveroo.co.uk/menu/London/battersea-york-road/trip-cbd-store-editions-byr?day=today&geohash=gcpuu3ywj8vv&time=ASAP
Remeo Gelato,London,battersea-york-road,https://deliveroo.co.uk/menu/London/battersea-york-road/remeo-gelato-editions-byr?day=today&geohash=gcpuu3ywj8vv&time=ASAP
The Poke Kitchen,London,battersea-york-road,https://deliveroo.co.uk/menu/London/battersea-york-road/the-poke-kitchen?day=today&geohash=gcpuu3ywj8vv&time=ASAP
Yuma Sushi,London,wandsworth-editions,https://deliveroo.co.uk/menu/London/wandsworth-editions/yuma-sushi-editions-wan?day=today&geohash=gcpuu3ywj8vv&time=1645
Tao Village Dim Sum,London,battersea-york-road,https://deliveroo.co.uk/menu/London/battersea-york-road/tao-village-dim-sum-editions-byr?geohash=gcpuu3ywj8vv
Forketta,London,battersea-york-road,https://deliveroo.co.uk/menu/London/battersea-york-road/barilla-editions-byr?geohash=gcpuu3ywj8vv
CANNACOFFEE Store,London,battersea-york-road,https://deliveroo.co.uk/menu/London/battersea-york-road/hashtag-editions-byr?geohash=gcpuu3ywj8vv
YUN Bento,London,battersea-york-road,https://deliveroo.co.uk/menu/London/battersea-york-road/yun-bento-editions-byr?geohash=gcpuu3ywj8vv
Popeyes Louisiana Kitchen,London,honor-oak-park,https://deliveroo.co.uk/menu/London/honor-oak-park/popeyes-editions-dul?day=today&geohash=gcpuwvtr0mk9&time=ASAP
Dishoom ,London,honor-oak-park,https://deliveroo.co.uk/menu/London/honor-oak-park/dishoom-editions-dul?day=today&geohash=gcpuwvtr0mk9&time=ASAP
Bleecker Burger,London,bsy-1-editions,https://deliveroo.co.uk/menu/London/bsy-1-editions/bleecker-editions-bsy?day=today&geohash=gcpuwvtr0mk9&time=1630
Popeyes Louisiana Kitchen,London,whitechapel-editions,https://deliveroo.co.uk/menu/London/whitechapel-editions/popeyes-editions-wme?day=today&geohash=gcpvpqp8znt2&time=ASAP
Yacob's Kitchen,London,whitechapel-editions,https://deliveroo.co.uk/menu/London/whitechapel-editions/jakobs-kitchen-editions-whi?day=today&geohash=gcpvpqp8znt2&time=ASAP
Dishoom,London,canning-town-editions,https://deliveroo.co.uk/menu/London/canning-town-editions/dishoom-editions-blw?day=today&geohash=gcpvpqp8znt2&time=ASAP
Remedy Kitchen,London,whitechapel-editions,https://deliveroo.co.uk/menu/London/whitechapel-editions/remedy-kitchen-editions-whi?day=today&geohash=gcpvpqp8znt2&time=ASAP
So Noodle - ‰∏ÄÊ±§‰∏ÄÁ≤â,London,whitechapel-editions,https://deliveroo.co.uk/menu/London/whitechapel-editions/shu-la-la-editions-whi?day=today&geohash=gcpvpqp8znt2&time=ASAP
Hare & Tortoise ,London,whitechapel-editions,https://deliveroo.co.uk/menu/London/whitechapel-editions/hare-and-tortoise-editions-wme?day=today&geohash=gcpvpqp8znt2&time=ASAP
üå¥ Poke Shack - Whitechapelüå¥ ,London,whitechapel-editions,https://deliveroo.co.uk/menu/London/whitechapel-editions/poke-shack-editions-whi?day=today&geohash=gcpvpqp8znt2&time=ASAP
Tao Tao Ju Èô∂Èô∂Â±Ö ,London,canning-town-editions,https://deliveroo.co.uk/menu/London/canning-town-editions/tao-tao-ju-editions-can?day=today&geohash=gcpvpqp8znt2&time=ASAP
Bronson‚Äôs Burgers,London,canary-wharf,https://deliveroo.co.uk/menu/London/canary-wharf/bronsons-burgers-canary-wharf?day=today&geohash=gcpvpqp8znt2&time=ASAP
Motu Indian Kitchen,London,canning-town-editions,https://deliveroo.co.uk/menu/London/canning-town-editions/motu-indian-kitchen-blw?day=today&geohash=gcpvpqp8znt2&time=ASAP
WING¬∑STOP,London,canning-town-editions,https://deliveroo.co.uk/menu/London/canning-town-editions/wingstop-editions-blw?day=today&geohash=gcpvpqp8znt2&time=ASAP
Zzetta - Soul Fired Pizza,London,whitechapel-editions,https://deliveroo.co.uk/menu/London/whitechapel-editions/zzettta-editions-whi?day=today&geohash=gcpvpqp8znt2&time=ASAP
TRIP CBD Store,London,whitechapel-editions,https://deliveroo.co.uk/menu/London/whitechapel-editions/trip-cbd-store-editions-wme?day=today&geohash=gcpvpqp8znt2&time=ASAP
Remeo Gelato,London,whitechapel-editions,https://deliveroo.co.uk/menu/London/whitechapel-editions/remeo-gelato-editions-wme?day=today&geohash=gcpvpqp8znt2&time=ASAP
Patri Artisan Street Food and Drinks,London,caledonian-road-and-barnsbury,https://deliveroo.co.uk/menu/London/caledonian-road-and-barnsbury/chai-naasto-hammersmith?day=today&geohash=gcpvpqp8znt2&time=ASAP
Biryaniwalla,London,caledonian-road-and-barnsbury,https://deliveroo.co.uk/menu/London/caledonian-road-and-barnsbury/biryaniwalla?day=today&geohash=gcpvpqp8znt2&time=ASAP
Ice Cream Store (Editions Whitechapel),London,whitechapel-editions,https://deliveroo.co.uk/menu/London/whitechapel-editions/ics-editions-wme-new?day=today&geohash=gcpvpqp8znt2&time=ASAP
Jude's Ice Cream,London,canning-town-editions,https://deliveroo.co.uk/menu/London/canning-town-editions/judes-ice-cream-editions-blw?day=today&geohash=gcpvpqp8znt2&time=ASAP
Rice Bowl Company,London,caledonian-road-and-barnsbury,https://deliveroo.co.uk/menu/London/caledonian-road-and-barnsbury/rum-and-rice-hammersmith-grove?day=today&geohash=gcpvpqp8znt2&time=ASAP
Ben & Jerry's Store (Editions Whitechapel),London,whitechapel-editions,https://deliveroo.co.uk/menu/London/whitechapel-editions/ben-and-jerrys-store-editions-wme?day=today&geohash=gcpvpqp8znt2&time=ASAP
Ice Cream Store (Editions Canning Town),London,canning-town-editions,https://deliveroo.co.uk/menu/London/canning-town-editions/ics-editions-blw?day=today&geohash=gcpvpqp8znt2&time=ASAP
Mama Li ,London,canning-town-editions,https://deliveroo.co.uk/menu/London/canning-town-editions/mama-li-express?day=tomorrow&geohash=gcpvpqp8znt2&time=1230
YUN Restaurant ‰∫ëÂçóÊ≠£ÂÆóËøáÊ°•Á±≥Á∫ø,London,canning-town-editions,https://deliveroo.co.uk/menu/London/canning-town-editions/yun-editions-blw?geohash=gcpvpqp8znt2
YUN Bento Èõ≤‰æøÁï∂,London,canning-town-editions,https://deliveroo.co.uk/menu/London/canning-town-editions/yun-chinese-editions-blw-canary-wharf?geohash=gcpvpqp8znt2
Beer and Fried Chicken Co.,London,canning-town-editions,https://deliveroo.co.uk/menu/London/canning-town-editions/b-and-fried-chicken-co-editions-blw?geohash=gcpvpqp8znt2
Remedy Kitchen,London,battersea-york-road,https://deliveroo.co.uk/menu/London/battersea-york-road/remedy-kitchen-editions-byr?day=today&geohash=gcpugcwkyb25&time=ASAP
Zing Zing,London,wandsworth-editions,https://deliveroo.co.uk/menu/London/wandsworth-editions/zing-zing-editions-wnw?day=today&geohash=gcpugcwkyb25&time=1745
Rajah Rowing Indian Kitchen,London,wandsworth-editions,https://deliveroo.co.uk/menu/London/wandsworth-editions/rajah-rowing-editions-wnw?day=today&geohash=gcpugcwkyb25&time=1645
Bronson's Burgers,London,south-norbury,https://deliveroo.co.uk/menu/London/south-norbury/bronsons-burgers-norbury?day=today&geohash=gcpumm6sc317&time=ASAP
TRIP CBD Store,London,beddington-east,https://deliveroo.co.uk/menu/London/beddington-east/trip-cbd-store-croydon?day=today&geohash=gcpumm6sc317&time=ASAP
Pho,London,honor-oak-park,https://deliveroo.co.uk/menu/London/honor-oak-park/pho-editions-dul?day=today&geohash=gcpumm6sc317&time=1645
WING¬∑STOP,London,wandsworth-editions,https://deliveroo.co.uk/menu/London/wandsworth-editions/wingstop-wandsworth?day=today&geohash=gcpusu6unsdd&time=ASAP
Dishoom,London,wandsworth-editions,https://deliveroo.co.uk/menu/London/wandsworth-editions/dishoom-editions-wnw?day=today&geohash=gcpuemxvwjnx&time=ASAP
Tao Tao Ju Èô∂Èô∂Â±Ö ,London,wandsworth-editions,https://deliveroo.co.uk/menu/London/wandsworth-editions/tao-tao-ju-editions-wnw?day=today&geohash=gcpuemxvwjnx&time=ASAP
Popeyes Louisiana Kitchen,London,maida-vale-editions,https://deliveroo.co.uk/menu/London/maida-vale-editions/popeyes-editions-mdv?day=today&geohash=gcpv4ezcruym&time=ASAP
Dishoom,London,maida-vale-editions,https://deliveroo.co.uk/menu/London/maida-vale-editions/dishoom-kings-cross?day=today&geohash=gcpv4ezcruym&time=ASAP
Kanada-Ya Ramen Bar,London,maida-vale-editions,https://deliveroo.co.uk/menu/London/maida-vale-editions/kanada-ya-editions-mdv?day=today&geohash=gcpv4ezcruym&time=ASAP
KKINI Korean Restaurant,London,maida-vale-editions,https://deliveroo.co.uk/menu/London/maida-vale-editions/kkini-editions-mdv?day=today&geohash=gcpv4ezcruym&time=ASAP
Remedy Kitchen,London,acton-editions,https://deliveroo.co.uk/menu/London/acton-editions/remedy-kitchen-editions-act?day=today&geohash=gcpv4ezcruym&time=ASAP
Tao Tao Ju ,London,acton-editions,https://deliveroo.co.uk/menu/London/acton-editions/tao-tao-ju-editions-acton?day=today&geohash=gcpv4ezcruym&time=ASAP
WING¬∑STOP,London,acton-editions,https://deliveroo.co.uk/menu/London/acton-editions/wingstop-editions-act?day=today&geohash=gcpv4ezcruym&time=ASAP
Yacob's Kitchen ,London,acton-editions,https://deliveroo.co.uk/menu/London/acton-editions/jacobs-kitchen-editions-act?day=today&geohash=gcpv4ezcruym&time=ASAP
Rice Bowl Company,London,acton-editions,https://deliveroo.co.uk/menu/London/acton-editions/rum-and-rice?day=today&geohash=gcpv4ezcruym&time=ASAP
Bronson's Burgers ,London,brent-cross-editions,https://deliveroo.co.uk/menu/London/brent-cross-editions/bronsons-burgers-editions-brc?day=today&geohash=gcpv4ezcruym&time=ASAP
Patri Artisan Street Food and Drinks,London,acton-editions,https://deliveroo.co.uk/menu/London/acton-editions/patri-artisan-street-food-and-drinks?day=today&geohash=gcpv4ezcruym&time=ASAP
Mindful Chef,London,maida-vale-editions,https://deliveroo.co.uk/menu/London/maida-vale-editions/mindful-chef-editions-mdv?day=today&geohash=gcpv4ezcruym&time=ASAP
TRIP CBD Store,London,acton-editions,https://deliveroo.co.uk/menu/London/acton-editions/trip-cbd-store-editions-act?day=today&geohash=gcpv4ezcruym&time=ASAP
Biryaniwalla by Patri,London,hammersmith,https://deliveroo.co.uk/menu/London/hammersmith/biryaniwalla-ealing?day=today&geohash=gcpv4ezcruym&time=ASAP
Bleecker Burger,London,maida-vale-editions,https://deliveroo.co.uk/menu/London/maida-vale-editions/bleecker-editions-mv?day=today&geohash=gcpv4ezcruym&time=1615
Tao Tao Ju Èô∂Èô∂Â±Ö ,London,brent-cross-editions,https://deliveroo.co.uk/menu/London/brent-cross-editions/tao-tao-ju-editions-brc?day=today&geohash=gcpv4ezcruym&time=1745
YUN Bento,London,maida-vale-editions,https://deliveroo.co.uk/menu/London/maida-vale-editions/yun-bento-editions-mdv?geohash=gcpv4ezcruym
Tao Village Dim Sum,London,maida-vale-editions,https://deliveroo.co.uk/menu/London/maida-vale-editions/tao-village-dim-sum-editions-mdv?geohash=gcpv4ezcruym
Dishoom,London,caledonian-road-and-barnsbury,https://deliveroo.co.uk/menu/London/caledonian-road-and-barnsbury/dishoom-editions-isl?day=today&geohash=gcpvjrhmqd3y&time=ASAP
Bronson's Burgers,London,kentish-town,https://deliveroo.co.uk/menu/London/kentish-town/bronsons-burgers-kentish-town?day=today&geohash=gcpvjrhmqd3y&time=ASAP
Poke Shack,London,hornsey-station,https://deliveroo.co.uk/menu/London/hornsey-station/poke-shack-editions-cre?day=today&geohash=gcpvjrhmqd3y&time=ASAP
Tao Tao Ju Èô∂Èô∂Â±Ö ,London,whitechapel-editions,https://deliveroo.co.uk/menu/London/whitechapel-editions/tao-tao-ju-editions-whi?day=today&geohash=gcpvjrhmqd3y&time=ASAP
Maroush,London,hornsey-station,https://deliveroo.co.uk/menu/London/hornsey-station/maroush-editions-cre?day=today&geohash=gcpvjrhmqd3y&time=ASAP
Ben & Jerry's Store,London,caledonian-road-and-barnsbury,https://deliveroo.co.uk/menu/London/caledonian-road-and-barnsbury/ben-and-jerrys-store-editions-isl?day=today&geohash=gcpvjrhmqd3y&time=ASAP
Mindful Chef,London,hornsey-station,https://deliveroo.co.uk/menu/London/hornsey-station/mindful-chef-editions-cre?day=today&geohash=gcpvjrhmqd3y&time=ASAP
Jude's Ice Cream,London,whitechapel-editions,https://deliveroo.co.uk/menu/London/whitechapel-editions/judes-ice-cream-editions-wme-new?day=today&geohash=gcpvjrhmqd3y&time=ASAP
Pho,London,hornsey-station,https://deliveroo.co.uk/menu/London/hornsey-station/pho-editions-cre?day=today&geohash=gcpvjrhmqd3y&time=1645
Motu Indian Kitchen,London,whitechapel-editions,https://deliveroo.co.uk/menu/London/whitechapel-editions/motu-editions-wme?day=today&geohash=gcpvjrhmqd3y&time=1745
Dishoom,London,whitechapel-editions,https://deliveroo.co.uk/menu/London/whitechapel-editions/dishoom-shoreditch?day=today&geohash=gcpvnffqn934&time=ASAP
üå¥ Poke Shack üå¥,London,acton-editions,https://deliveroo.co.uk/menu/London/acton-editions/the-poke-shack-editions-act?day=today&geohash=gcpv4073pfnr&time=ASAP
Dishoom,London,acton-editions,https://deliveroo.co.uk/menu/London/acton-editions/dishoom-editions-act?day=today&geohash=gcpv4073pfnr&time=ASAP
Mindful Chef,London,acton-editions,https://deliveroo.co.uk/menu/London/acton-editions/mindful-chef-editions-act?day=today&geohash=gcpv4073pfnr&time=ASAP
Pizza Paradiso ,London,swiss-cottage,https://deliveroo.co.uk/menu/London/swiss-cottage/pizza-paradiso-new-college-parade?geohash=gcpvhp0bd462
Jude's Ice Cream,London,caledonian-road-and-barnsbury,https://deliveroo.co.uk/menu/London/caledonian-road-and-barnsbury/judes-ice-cream-editions-isl?geohash=gcpvhvg8xzt0
The Good Earth,London,maida-vale-editions,https://deliveroo.co.uk/menu/London/maida-vale-editions/the-good-earth-editions-bel?geohash=gcpv4dretwn2
WING¬∑STOP,London,brent-cross-editions,https://deliveroo.co.uk/menu/London/brent-cross-editions/wingstop-editions-brc?day=today&geohash=gcpv6ed34vp4&time=ASAP
Mindful Chef ,London,brent-cross-editions,https://deliveroo.co.uk/menu/London/brent-cross-editions/mindful-chef-editions-brc?day=today&geohash=gcpv6ed34vp4&time=ASAP
TRIP CBD Store,London,west-hendon,https://deliveroo.co.uk/menu/London/west-hendon/trip-cbd-store-colindale?day=today&geohash=gcpv6ed34vp4&time=ASAP
Poke Fuzion,Wigan,sankey,https://deliveroo.co.uk/menu/Wigan/sankey/poke-fuzion-warrington?day=today&geohash=gcqpexr9thzp&time=ASAP
Pasta Evangelists,Manchester,sale,https://deliveroo.co.uk/menu/Manchester/sale/pasta-evangelists-editions-sal?day=today&geohash=gcqrg7xdxvft&time=ASAP
The Athenian - Greek Gyros & Souvlaki ,Manchester,editions-ordsall,https://deliveroo.co.uk/menu/Manchester/editions-ordsall/the-athenian-editions-sal?day=today&geohash=gcqrg7xdxvft&time=ASAP
Luxford Burgers,Manchester,editions-ordsall,https://deliveroo.co.uk/menu/Manchester/editions-ordsall/luxford-burgers-editions-man?day=today&geohash=gcqrg7xdxvft&time=ASAP
Nomi Katsu üáØüáµ,Manchester,editions-ordsall,https://deliveroo.co.uk/menu/Manchester/editions-ordsall/nomi-katsu-editions-sal?day=today&geohash=gcqrg7xdxvft&time=ASAP
Poke Fuzion by ZUMU,Manchester,editions-ordsall,https://deliveroo.co.uk/menu/Manchester/editions-ordsall/poke-fuzion-uk?day=today&geohash=gcqrg7xdxvft&time=ASAP
Sabor - Latin American,Manchester,editions-ordsall,https://deliveroo.co.uk/menu/Manchester/editions-ordsall/sabor-editions-man?day=today&geohash=gcqrg7xdxvft&time=ASAP
Bulked Loaded Fries,Manchester,editions-ordsall,https://deliveroo.co.uk/menu/Manchester/editions-ordsall/bulked-editions-man?day=today&geohash=gcqrg7xdxvft&time=ASAP
The Athenian - Vegan Greek Kitchen,Manchester,editions-ordsall,https://deliveroo.co.uk/menu/Manchester/editions-ordsall/the-athenian-plant-based-editions-sal?day=today&geohash=gcqrg7xdxvft&time=ASAP
Fuji Bento,Manchester,editions-ordsall,https://deliveroo.co.uk/menu/Manchester/editions-ordsall/karate-kid-bento-editions-manchester?day=today&geohash=gcqrg7xdxvft&time=ASAP
KYN Pan Asian by ZUMU,Manchester,editions-ordsall,https://deliveroo.co.uk/menu/Manchester/editions-ordsall/kyn-editions-sal?day=today&geohash=gcqrg7xdxvft&time=ASAP
TRIP CBD Store,Manchester,editions-ordsall,https://deliveroo.co.uk/menu/Manchester/editions-ordsall/trip-cbd-store-editions-sal?day=today&geohash=gcqrg7xdxvft&time=ASAP
üåøWawin Vegan Chineseüåø ,Manchester,editions-ordsall,https://deliveroo.co.uk/menu/Manchester/editions-ordsall/wawin-vegan-chinese-manchester?day=today&geohash=gcqrg7xdxvft&time=1645
Proove Pizza,Manchester,editions-ordsall,https://deliveroo.co.uk/menu/Manchester/editions-ordsall/proove-editions-sal?day=today&geohash=gcqrg7xdxvft&time=1645
Lower East Side üçï New York Style Pizza,Manchester,editions-ordsall,https://deliveroo.co.uk/menu/Manchester/editions-ordsall/lower-east-side-editions-sal?day=today&geohash=gcqrg7xdxvft&time=1645
PROOVegan,Manchester,editions-ordsall,https://deliveroo.co.uk/menu/Manchester/editions-ordsall/proovegan-editions-sal?day=today&geohash=gcqrg7xdxvft&time=1645
Burger King ,Cambridge,cambridge-editions,https://deliveroo.co.uk/menu/Cambridge/cambridge-editions/burger-king-editions-cam?day=today&geohash=u12152k2dw2m&time=ASAP
Pasta Evangelists,Cambridge,cambridge-south,https://deliveroo.co.uk/menu/Cambridge/cambridge-south/pasta-evangelists-editions-cam?day=today&geohash=u12152k2dw2m&time=ASAP
Dishoom,Cambridge,cambridge-editions,https://deliveroo.co.uk/menu/Cambridge/cambridge-editions/dishoom-editions-cam?day=today&geohash=u12152k2dw2m&time=ASAP
Poke Fuzion,Cambridge,cambridge-editions,https://deliveroo.co.uk/menu/Cambridge/cambridge-editions/poke-fuzion-editions-cam?day=today&geohash=u12152k2dw2m&time=ASAP
Nomi Katsu üáØüáµ,Cambridge,cambridge-editions,https://deliveroo.co.uk/menu/Cambridge/cambridge-editions/nomi-katsu-editions-cam-new?day=today&geohash=u12152k2dw2m&time=ASAP
Zumuku,Cambridge,cambridge-editions,https://deliveroo.co.uk/menu/Cambridge/cambridge-editions/zumu-editions-cam?day=today&geohash=u12152k2dw2m&time=ASAP
Trip CBD Store,Cambridge,cambridge-editions,https://deliveroo.co.uk/menu/Cambridge/cambridge-editions/trip-cbd-store-editions-cam?day=today&geohash=u12152k2dw2m&time=ASAP
Ice Cream Store,Cambridge,cambridge-editions,https://deliveroo.co.uk/menu/Cambridge/cambridge-editions/ics-editions-cambridge-new?day=today&geohash=u12152k2dw2m&time=ASAP
Ben & Jerry's Store ,Cambridge,cambridge-editions,https://deliveroo.co.uk/menu/Cambridge/cambridge-editions/ben-and-jerrys-store-editions-cam?day=today&geohash=u12152k2dw2m&time=ASAP
Forketta,Cambridge,cambridge-editions,https://deliveroo.co.uk/menu/Cambridge/cambridge-editions/barilla-editions-cam?geohash=u12152k2dw2m
Ben & Jerry's Store - Edition - CAT,London,blackwall,https://deliveroo.co.uk/menu/London/blackwall/ben-and-jerrys-store-editions-blw?geohash=u10j05846jny
Lolo Poke,London,blackwall,https://deliveroo.co.uk/menu/London/blackwall/lolo-poke-editions-blw?geohash=u10j05846jny
WING¬∑STOP,Edinburgh,new-town,https://deliveroo.co.uk/menu/Edinburgh/new-town/wingstop-edinburgh?day=today&geohash=gcvwr4jytdk9&time=ASAP
Luxford Burgers,Edinburgh,broughton,https://deliveroo.co.uk/menu/Edinburgh/broughton/luxford-burgers-picardy-place?day=today&geohash=gcvwr4jytdk9&time=ASAP
Bulked ‚Äì Loaded Fries,Edinburgh,broughton,https://deliveroo.co.uk/menu/Edinburgh/broughton/bulked-loaded-fries-edn?day=today&geohash=gcvwr4jytdk9&time=ASAP
Sabor ‚Äì Latin American,Edinburgh,broughton,https://deliveroo.co.uk/menu/Edinburgh/broughton/sabor-latin-american-edn?day=today&geohash=gcvwr4jytdk9&time=ASAP
WINGSTOP,London,jubilee-park-lee-valley,https://deliveroo.co.uk/menu/London/jubilee-park-lee-valley/wingstop-enfield-dk?day=today&geohash=gcpvybj0n01b&time=ASAP
Bronson‚Äôs Burgers,London,jubilee-park-lee-valley,https://deliveroo.co.uk/menu/London/jubilee-park-lee-valley/bronsons-burgers-editions-plg?day=today&geohash=gcpvybj0n01b&time=ASAP
Mindful Chef ,London,jubilee-park-lee-valley,https://deliveroo.co.uk/menu/London/jubilee-park-lee-valley/mindful-chef-editions-plg?day=today&geohash=gcpvybj0n01b&time=ASAP
TRIP CBD Store ,London,jubilee-park-lee-valley,https://deliveroo.co.uk/menu/London/jubilee-park-lee-valley/trip-cbd-store-editions-plg?day=today&geohash=gcpvybj0n01b&time=ASAP
WING¬∑STOP,Glasgow,glasgow-editions,https://deliveroo.co.uk/menu/Glasgow/glasgow-editions/wingstop-editions-glg?day=today&geohash=gcuvwzjhqpyr&time=ASAP
The Poke Shack ,Glasgow,glasgow-editions,https://deliveroo.co.uk/menu/Glasgow/glasgow-editions/poke-shack-editions-glg?day=today&geohash=gcuvwzjhqpyr&time=ASAP
Luxford Burgers,Glasgow,glasgow-editions,https://deliveroo.co.uk/menu/Glasgow/glasgow-editions/luxford-burgers-editions-glg?day=today&geohash=gcuvwzjhqpyr&time=ASAP
The Athenian - Greek Gyros & Halloumi Fries,Glasgow,glasgow-editions,https://deliveroo.co.uk/menu/Glasgow/glasgow-editions/the-athenian-editions-glasgow?day=today&geohash=gcuvwzjhqpyr&time=ASAP
The Athenian - Vegan Greek Kitchen,Glasgow,glasgow-editions,https://deliveroo.co.uk/menu/Glasgow/glasgow-editions/the-athenian-plant-based-editions-glasgow?day=today&geohash=gcuvwzjhqpyr&time=ASAP
Mindful Chef,Glasgow,glasgow-editions,https://deliveroo.co.uk/menu/Glasgow/glasgow-editions/mindful-chef-editions-glg?day=today&geohash=gcuvwzjhqpyr&time=ASAP
Sabor - Latin American,Glasgow,glasgow-editions,https://deliveroo.co.uk/menu/Glasgow/glasgow-editions/sabor-editions-glg?day=today&geohash=gcuvwzjhqpyr&time=ASAP
Bulked - Loaded Fries,Glasgow,glasgow-editions,https://deliveroo.co.uk/menu/Glasgow/glasgow-editions/bulked-editions-glg?day=today&geohash=gcuvwzjhqpyr&time=ASAP
Sprigg - Ingram Street,Glasgow,glasgow-city-centre,https://deliveroo.co.uk/menu/Glasgow/glasgow-city-centre/sprigg-ingram-st?geohash=gcuvwzjhqpyr
Pho,London,brent-cross-editions,https://deliveroo.co.uk/menu/London/brent-cross-editions/pho-editions-brc?day=today&geohash=gcpv6q00zbdh&time=1630
WING¬∑STOP,Leeds,editions-in-leeds,https://deliveroo.co.uk/menu/Leeds/editions-in-leeds/wingstop-editions-chr?day=today&geohash=gcwfhugpwsj5&time=ASAP
Bulked Loaded Fries,Leeds,editions-in-leeds,https://deliveroo.co.uk/menu/Leeds/editions-in-leeds/bulked-editions-lee?day=today&geohash=gcwfhugpwsj5&time=ASAP
The Athenian | Greek Gyros & Souvlaki,Leeds,editions-in-leeds,https://deliveroo.co.uk/menu/Leeds/editions-in-leeds/the-athenian-editions-chr?day=today&geohash=gcwfhugpwsj5&time=ASAP
Zumuku Sushi,Leeds,editions-in-leeds,https://deliveroo.co.uk/menu/Leeds/editions-in-leeds/zumu-editions-chr?day=today&geohash=gcwfhugpwsj5&time=ASAP
Nomi Katsu üáØüáµ,Leeds,editions-in-leeds,https://deliveroo.co.uk/menu/Leeds/editions-in-leeds/nomi-katsu-editions-chr?day=today&geohash=gcwfhugpwsj5&time=ASAP
Poke Fuzion,Leeds,editions-in-leeds,https://deliveroo.co.uk/menu/Leeds/editions-in-leeds/poke-fuzion-editions-chr?day=today&geohash=gcwfhugpwsj5&time=ASAP
Pasta Evangelists ,Leeds,wortley,https://deliveroo.co.uk/menu/Leeds/wortley/pasta-evangelists-leeds?day=today&geohash=gcwfhugpwsj5&time=ASAP
Luxford Burgers,Leeds,editions-in-leeds,https://deliveroo.co.uk/menu/Leeds/editions-in-leeds/luxford-burgers-editions-lee?day=today&geohash=gcwfhugpwsj5&time=ASAP
Sabor,Leeds,editions-in-leeds,https://deliveroo.co.uk/menu/Leeds/editions-in-leeds/sabor-editions-lee?day=today&geohash=gcwfhugpwsj5&time=ASAP
The Athenian - Vegan Greek Kitchen,Leeds,editions-in-leeds,https://deliveroo.co.uk/menu/Leeds/editions-in-leeds/the-athenian-plant-based-editions-chr?day=today&geohash=gcwfhugpwsj5&time=ASAP
Remeo Gelato,Leeds,editions-in-leeds,https://deliveroo.co.uk/menu/Leeds/editions-in-leeds/remeo-gelato-editions-chr?day=today&geohash=gcwfhugpwsj5&time=ASAP
Ben & Jerry's Store,Leeds,editions-in-leeds,https://deliveroo.co.uk/menu/Leeds/editions-in-leeds/ben-and-jerrys-store-editions-chr?day=today&geohash=gcwfhugpwsj5&time=ASAP
Fuji Bento	,Leeds,editions-in-leeds,https://deliveroo.co.uk/menu/Leeds/editions-in-leeds/fuji-bento-editions-chr?day=today&geohash=gcwfhugpwsj5&time=ASAP
Noodle Inn,Leeds,editions-in-leeds,https://deliveroo.co.uk/menu/Leeds/editions-in-leeds/noodles-inn-editions-chr?day=today&geohash=gcwfhugpwsj5&time=1615
Proove Pizza,Leeds,editions-in-leeds,https://deliveroo.co.uk/menu/Leeds/editions-in-leeds/proove-ltd?day=today&geohash=gcwfhugpwsj5&time=1615
Twisted Kimchi,Leeds,editions-in-leeds,https://deliveroo.co.uk/menu/Leeds/editions-in-leeds/twisted-kimchi-editions-chr?day=today&geohash=gcwfhugpwsj5&time=1615
Lower East Side üçï New York Style Pizza,Leeds,editions-in-leeds,https://deliveroo.co.uk/menu/Leeds/editions-in-leeds/lower-east-side-editions-chr?day=today&geohash=gcwfhugpwsj5&time=1615
Awesome Chinese,Leeds,editions-in-leeds,https://deliveroo.co.uk/menu/Leeds/editions-in-leeds/awesome-chinese-editions-chr?day=today&geohash=gcwfhugpwsj5&time=1615
Mr Miyagi Ramen & Udon ÂÆ´ÂüéÊâã‰ΩúÊãâÈù¢+‰πåÂÜ¨,Leeds,editions-in-leeds,https://deliveroo.co.uk/menu/Leeds/editions-in-leeds/mr-miyagi-ramen-and-bao-editions-chr?day=today&geohash=gcwfhugpwsj5&time=1615
Meatless Miyagi	,Leeds,editions-in-leeds,https://deliveroo.co.uk/menu/Leeds/editions-in-leeds/meatless-miyagi-editions-chr?day=today&geohash=gcwfhugpwsj5&time=1630
Noodle Inn Vegetarian,Leeds,editions-in-leeds,https://deliveroo.co.uk/menu/Leeds/editions-in-leeds/noodle-inn-vegetarian-editions-chr?day=today&geohash=gcwfhugpwsj5&time=1630
Wings 'n Ribs in Wok,Leeds,editions-in-leeds,https://deliveroo.co.uk/menu/Leeds/editions-in-leeds/awesome-wings-editions-chr?day=today&geohash=gcwfhugpwsj5&time=1630
PROOVegan,Leeds,editions-in-leeds,https://deliveroo.co.uk/menu/Leeds/editions-in-leeds/proovegan-editions-chr?day=today&geohash=gcwfhugpwsj5&time=1615
WING¬∑STOP,Manchester,editions-ordsall,https://deliveroo.co.uk/menu/Manchester/editions-ordsall/wingstop-manchester-dk?day=today&geohash=gcw2hjwsdbgp&time=ASAP
Zumuku Sushi,Manchester,editions-ordsall,https://deliveroo.co.uk/menu/Manchester/editions-ordsall/zumu-editions?day=today&geohash=gcw2hjwsdbgp&time=ASAP
Buns and Wings,Manchester,editions-ordsall,https://deliveroo.co.uk/menu/Manchester/editions-ordsall/buns-and-wings-editions-sal?geohash=gcw2hjwsdbgp
The Athenian | Greek Gyros & Souvlaki,Nottingham,nottingham-editions,https://deliveroo.co.uk/menu/Nottingham/nottingham-editions/the-athenian-editions-ntg?day=today&geohash=gcrjm0h9b43k&time=ASAP
Luxford Burgers,Nottingham,nottingham-editions,https://deliveroo.co.uk/menu/Nottingham/nottingham-editions/luxford-burgers-editions-ntg?day=today&geohash=gcrjm0h9b43k&time=ASAP
Pasta Evangelists,Nottingham,nottingham-city-centre,https://deliveroo.co.uk/menu/Nottingham/nottingham-city-centre/pasta-evangelists-editions-ntg?day=today&geohash=gcrjm0h9b43k&time=ASAP
Bulked,Nottingham,nottingham-editions,https://deliveroo.co.uk/menu/Nottingham/nottingham-editions/bulked-editions-ntg?day=today&geohash=gcrjm0h9b43k&time=ASAP
The Athenian - Vegan Greek Kitchen,Nottingham,nottingham-editions,https://deliveroo.co.uk/menu/Nottingham/nottingham-editions/the-athenian-plant-based-editions-ntg?day=today&geohash=gcrjm0h9b43k&time=ASAP
Sabor,Nottingham,nottingham-editions,https://deliveroo.co.uk/menu/Nottingham/nottingham-editions/sabor-editions-ntg?day=today&geohash=gcrjm0h9b43k&time=ASAP
TRIP CBD Store ,Nottingham,nottingham-editions,https://deliveroo.co.uk/menu/Nottingham/nottingham-editions/trip-cbd-store-editions-ntg?day=today&geohash=gcrjm0h9b43k&time=ASAP
Ben & Jerry's Store,Nottingham,nottingham-editions,https://deliveroo.co.uk/menu/Nottingham/nottingham-editions/ben-and-jerrys-store-editions-ntg?day=today&geohash=gcrjm0h9b43k&time=ASAP
WAWIN Vegan Chinese,Nottingham,nottingham-editions,https://deliveroo.co.uk/menu/Nottingham/nottingham-editions/wawin-vegan-chinese-editions-ntg?day=today&geohash=gcrjm0h9b43k&time=1645
Noodle Inn,Nottingham,nottingham-editions,https://deliveroo.co.uk/menu/Nottingham/nottingham-editions/noodle-inn-editions-ntg?day=today&geohash=gcrjm0h9b43k&time=1715
Zumuku Sushi	,Nottingham,nottingham-editions,https://deliveroo.co.uk/menu/Nottingham/nottingham-editions/zumu-editions-ntg?day=today&geohash=gcrjm0h9b43k&time=1530
Nomi Katsu üáØüáµ	,Nottingham,nottingham-editions,https://deliveroo.co.uk/menu/Nottingham/nottingham-editions/nomi-katsu-editions-ntg?day=today&geohash=gcrjm0h9b43k&time=1515
Awesome Chinese,Nottingham,nottingham-editions,https://deliveroo.co.uk/menu/Nottingham/nottingham-editions/awesome-chinese-editions-ntg?day=today&geohash=gcrjm0h9b43k&time=1715
La Mei Zi Dim Sum and Sichuan Kitchen,Nottingham,nottingham-editions,https://deliveroo.co.uk/menu/Nottingham/nottingham-editions/la-mei-zi-editions-ntg?day=today&geohash=gcrjm0h9b43k&time=1730
Poke Fuzion,Nottingham,nottingham-editions,https://deliveroo.co.uk/menu/Nottingham/nottingham-editions/poke-fuzion-editions-ntg?day=today&geohash=gcrjm0h9b43k&time=1515
Katsu ,Nottingham,nottingham-editions,https://deliveroo.co.uk/menu/Nottingham/nottingham-editions/katsu-editions-ntg?day=today&geohash=gcrjm0h9b43k&time=1715
Twisted Kimchi ,Nottingham,nottingham-editions,https://deliveroo.co.uk/menu/Nottingham/nottingham-editions/twisted-kimchi-editions-ntg?geohash=gcrjm0h9b43k
Miyagi Bento and Donburi,Nottingham,nottingham-editions,https://deliveroo.co.uk/menu/Nottingham/nottingham-editions/miyagi-bento-and-donburi-editions-ntg?geohash=gcrjm0h9b43k
Pasta Evangelists,Reading,reading-editions,https://deliveroo.co.uk/menu/Reading/reading-editions/pasta-evangelists-editions-rea?day=today&geohash=gcpkc8mnhkx1&time=ASAP
Pasta Evangelists,Birmingham,birmingham-city-centre,https://deliveroo.co.uk/menu/Birmingham/birmingham-city-centre/pasta-evangelists-birmingham?day=today&geohash=gcqdsf1b8mmx&time=ASAP
üå¥ Poke Shack üå¥,Brighton,brighton-and-hove-editions,https://deliveroo.co.uk/menu/Brighton/brighton-and-hove-editions/poke-shack-editions-bnc?day=today&geohash=gcpc5qr687x2&time=ASAP
The Athenian | Greek Gyros & Souvlaki ,Brighton,brighton-and-hove-editions,https://deliveroo.co.uk/menu/Brighton/brighton-and-hove-editions/the-athenian-editions-bnc-new?day=today&geohash=gcpc5qr687x2&time=ASAP
Dishoom,Brighton,brighton-and-hove-editions,https://deliveroo.co.uk/menu/Brighton/brighton-and-hove-editions/dishoom-editions-bnc?day=today&geohash=gcpc5qr687x2&time=ASAP
Pokai,Brighton,brighton-centre,https://deliveroo.co.uk/menu/Brighton/brighton-centre/pokai-brighton?day=today&geohash=gcpc5qr687x2&time=ASAP
Mindful Chef ,Brighton,brighton-and-hove-editions,https://deliveroo.co.uk/menu/Brighton/brighton-and-hove-editions/mindful-chef-editions-bnc?day=today&geohash=gcpc5qr687x2&time=ASAP
TRIP CBD Store	,Brighton,brighton-and-hove-editions,https://deliveroo.co.uk/menu/Brighton/brighton-and-hove-editions/trip-cbd-store-editions-bnc?day=today&geohash=gcpc5qr687x2&time=ASAP
The Athenian - Vegan Greek Kitchen,Brighton,brighton-and-hove-editions,https://deliveroo.co.uk/menu/Brighton/brighton-and-hove-editions/the-athenian-plant-based-editions-bnc-new?day=today&geohash=gcpc5qr687x2&time=ASAP
VIP Very Italian Pizza,Brighton,brighton-and-hove-editions,https://deliveroo.co.uk/menu/Brighton/brighton-and-hove-editions/vip-italy-limited-hove?day=today&geohash=gcpc5qr687x2&time=1715
Oowee Diner,Bristol,bristol-editions-site,https://deliveroo.co.uk/menu/Bristol/bristol-editions-site/oowee-diner-editions-brs?day=today&geohash=gcnhvd602txg&time=ASAP
Kokoro: Chicken katsu & sushi,Bristol,bristol-editions-site,https://deliveroo.co.uk/menu/Bristol/bristol-editions-site/kokoro-editions-bristol?day=today&geohash=gcnhvd602txg&time=ASAP
WING¬∑STOP,Bristol,bristol-editions-site,https://deliveroo.co.uk/menu/Bristol/bristol-editions-site/wingstop-editions-brs?day=today&geohash=gcnhvd602txg&time=ASAP
The Athenian | Greek Gyros & Souvlaki,Bristol,bristol-editions-site,https://deliveroo.co.uk/menu/Bristol/bristol-editions-site/the-athenian-editions-brs?day=today&geohash=gcnhvd602txg&time=ASAP
Sushi Shop,Bristol,bristol-editions-site,https://deliveroo.co.uk/menu/Bristol/bristol-editions-site/sushi-shop-editions-brs?day=today&geohash=gcnhvd602txg&time=ASAP
Pasta Evangelists ,Bristol,montpelier-station,https://deliveroo.co.uk/menu/Bristol/montpelier-station/pasta-evangelists-editions-brs?day=today&geohash=gcnhvd602txg&time=ASAP
Koh Thai,Bristol,bristol-editions-site,https://deliveroo.co.uk/menu/Bristol/bristol-editions-site/koh-thai-editions-brs?day=today&geohash=gcnhvd602txg&time=ASAP
Zumuku,Bristol,bristol-editions-site,https://deliveroo.co.uk/menu/Bristol/bristol-editions-site/zumu-editions-brs?day=today&geohash=gcnhvd602txg&time=ASAP
Pokai,Bristol,bristol-editions-site,https://deliveroo.co.uk/menu/Bristol/bristol-editions-site/pokai-editions-brs?day=today&geohash=gcnhvd602txg&time=ASAP
Nomi Katsu Editions,Bristol,bristol-editions-site,https://deliveroo.co.uk/menu/Bristol/bristol-editions-site/nomi-katsu-editions-brs?day=today&geohash=gcnhvd602txg&time=ASAP
Poke Fusion,Bristol,bristol-editions-site,https://deliveroo.co.uk/menu/Bristol/bristol-editions-site/poke-fusion-editions-brs?day=today&geohash=gcnhvd602txg&time=ASAP
The Athenian - Vegan Greek Kitchen,Bristol,bristol-editions-site,https://deliveroo.co.uk/menu/Bristol/bristol-editions-site/the-athenian-plant-based-editions-brs?day=today&geohash=gcnhvd602txg&time=ASAP
TRIP CBD Store,Bristol,bristol-editions-site,https://deliveroo.co.uk/menu/Bristol/bristol-editions-site/trip-cbd-store-editions-brs?day=today&geohash=gcnhvd602txg&time=ASAP
Mindful Chef,Bristol,bristol-editions-site,https://deliveroo.co.uk/menu/Bristol/bristol-editions-site/mindful-chef-editions-brs?day=today&geohash=gcnhvd602txg&time=ASAP
Alcohol Delivery London- Park Lane,London,fish-island-area,https://deliveroo.co.uk/menu/London/fish-island-area/bow-road-express
TRIP CBD Store - Balham,London,balham,https://deliveroo.co.uk/menu/london/balham/trip-cbd-store-balham
Saucybird - Windsor and Eton,London,windsor-and-eton,https://deliveroo.co.uk/menu/London/windsor-and-eton/saucybird/
Ben & Jerry's Store - Swiss Cottage,London,swiss-cottage-editions,https://deliveroo.co.uk/menu/London/swiss-cottage-editions/ben-and-jerrys-store-editions-bel
YUN Restaurant ‰∫ëÂçóÊ≠£ÂÆóËøáÊ°•Á±≥Á∫ø - Camden,London,mornington-crescent-south,https://deliveroo.co.uk/menu/London/mornington-crescent-south/yun-restaurant-east-central
Fit Food - White City,London,white-city-estate,https://deliveroo.co.uk/menu/London/white-city-estate/fit-food-white-city
TRIP CBD Store - Chiswick,London,south-acton,https://deliveroo.co.uk/menu/london/south-acton/trip-cbd-store-chiswick
Halloween Pies - Salford Crescent,Manchester,salford-crescent,https://deliveroo.co.uk/menu/Manchester/salford-crescent/halloween-pies-pr-activation-man
The Snacking & Breakfast Store,Manchester,salford-crescent,https://deliveroo.co.uk/menu/Manchester/salford-crescent/kelloggs-snacking-store
Lost Boys Chicken @ The Joker - Preston,Brighton,round-hill,https://deliveroo.co.uk/menu/Brighton/round-hill/lost-boys-chicken
Saucybird - Brighton,Brighton,round-hill,https://deliveroo.co.uk/menu/Brighton/round-hill/saucybird-brighton
