,name,location,edition,restaurant_url,address
0,Hare & Tortoise,London,culvert-place-editions,https://deliveroo.co.uk/menu/London/culvert-place-editions/hare-and-tortoise-editions-bcp?day=today&geohash=gcpuu3ywj8vv&time=ASAP,"15a Parkfield Estate, Battersea, London, SW115BA"
1,Tao Tao Ju Èô∂Èô∂Â±Ö ,London,culvert-place-editions,https://deliveroo.co.uk/menu/London/culvert-place-editions/tao-tao-ju-editions-bcp?day=today&geohash=gcpuu3ywj8vv&time=ASAP,"15A Parkfield Industrial Estate, Culvert Place, Battersea,, London, SW115BA"
2,Dishoom ,London,culvert-place-editions,https://deliveroo.co.uk/menu/London/culvert-place-editions/dishoom-editions-bcp?day=today&geohash=gcpuu3ywj8vv&time=ASAP,"15a Parkfield Estate, Battersea, London, SW115BA"
3,Maroush,London,queenstown-road,https://deliveroo.co.uk/menu/London/queenstown-road/maroush-battersea?day=today&geohash=gcpuu3ywj8vv&time=ASAP,"Safestore Car Park, Ingate Place, London, SW83NS, London, SW83NS"
4,Popeyes Louisiana Kitchen,London,culvert-place-editions,https://deliveroo.co.uk/menu/London/culvert-place-editions/popeyes-editions-bcp?day=today&geohash=gcpuu3ywj8vv&time=ASAP,"15A Parkfield Industrial Estate, Culvert Place, Battersea, London, SW115BA"
5,The Salad Project ,London,culvert-place-editions,https://deliveroo.co.uk/menu/London/culvert-place-editions/the-salad-project-editions-bcp?day=today&geohash=gcpuu3ywj8vv&time=ASAP,"15A Parkfield Industrial Estate, Culvert Place, London, SW115BA"
6,Yacob's Kitchen,London,battersea-york-road,https://deliveroo.co.uk/menu/London/battersea-york-road/jakobs-kitchen-editions-byr-new?day=today&geohash=gcpuu3ywj8vv&time=ASAP,"Unit 13-15, Heliport Industrial Estate, Battersea, London, SW113SS"
7,Remedy Kitchen,London,battersea-york-road,https://deliveroo.co.uk/menu/London/battersea-york-road/remedy-kitchen-editions-byr?day=today&geohash=gcpuu3ywj8vv&time=ASAP,"Unit 13-15, Heliport Industrial Estate, Battersea, London, SW113SS"
8,Marlowe's Burgers & Fries,London,queenstown-road,https://deliveroo.co.uk/menu/London/queenstown-road/marlowes-editions-bqr?day=today&geohash=gcpuu3ywj8vv&time=ASAP,"Safestore Car Park, Ingate Place, London, SW83NS"
9,Motu Indian Kitchen,London,battersea-york-road,https://deliveroo.co.uk/menu/London/battersea-york-road/motu-indian-kitchen?day=today&geohash=gcpuu3ywj8vv&time=ASAP,"Unit 13-15, Heliport Industrial Estate, London, SW113SS"
10,Bleecker Burger,London,culvert-place-editions,https://deliveroo.co.uk/menu/London/culvert-place-editions/bleecker-editions-bqr?day=today&geohash=gcpuu3ywj8vv&time=ASAP,"Unit 15a Parkfield Industrial Estate, Battersea,, London, SW115BA"
11,Poke House üê†,London,nine-elms,https://deliveroo.co.uk/menu/London/nine-elms/ahi-poke-editions-cla?day=today&geohash=gcpuu3ywj8vv&time=ASAP,"Poke House Unit 201, Turbine Hall Battersea Power Station, Circus Road South, London,, London, SW118EZ"
12,The Sushi Kitchen,London,battersea-york-road,https://deliveroo.co.uk/menu/London/battersea-york-road/the-sushi-kitchen?day=today&geohash=gcpuu3ywj8vv&time=ASAP,"Unit 13-15, Heliport Industrial Estate, Battersea, London, SW113SS"
13,Yuma Sushi,London,wandsworth-editions,https://deliveroo.co.uk/menu/London/wandsworth-editions/yuma-sushi-editions-wan?day=today&geohash=gcpuu3ywj8vv&time=ASAP,"Unit 4, 271, Merton Road, London, SW185JS"
14,Jude's Ice Cream,London,culvert-place-editions,https://deliveroo.co.uk/menu/London/culvert-place-editions/judes-ice-cream-bcp?day=today&geohash=gcpuu3ywj8vv&time=ASAP,"Poke House Unit 201, Turbine Hall Battersea Power Station, Circus Road South, London,, London, SW118EZ"
15,Remeo Gelato,London,battersea-york-road,https://deliveroo.co.uk/menu/London/battersea-york-road/remeo-gelato-editions-byr?day=today&geohash=gcpuu3ywj8vv&time=ASAP,"Unit 13-15, Heliport Industrial Estate, Battersea, London, SW113SS"
16,TRIP CBD Store,London,battersea-york-road,https://deliveroo.co.uk/menu/London/battersea-york-road/trip-cbd-store-editions-byr?day=today&geohash=gcpuu3ywj8vv&time=ASAP,"Unit 13-15, Heliport Industrial Estate, Battersea, London, SW113SS"
17,Ben & Jerry's Store (Editions Battersea),London,battersea-york-road,https://deliveroo.co.uk/menu/London/battersea-york-road/ben-and-jerrys-store-editions-cla?day=today&geohash=gcpuu3ywj8vv&time=ASAP,"Unit 13-15 Heliport industrial Estate, Battersea, London, SW113SS"
18,Mindful Chef,London,battersea-york-road,https://deliveroo.co.uk/menu/London/battersea-york-road/mindful-chef-editions-byr?day=today&geohash=gcpuu3ywj8vv&time=ASAP,"Unit 13-15 Heliport industrial Estate, Battersea, London, SW113SS"
19,The Poke Kitchen,London,battersea-york-road,https://deliveroo.co.uk/menu/London/battersea-york-road/the-poke-kitchen?day=today&geohash=gcpuu3ywj8vv&time=ASAP,"Unit 13-15, Heliport Industrial Estate, Battersea, London, SW113SS"
20,Alcohol Delivery London- Park Lane,London,fish-island-area,https://deliveroo.co.uk/menu/London/fish-island-area/bow-road-express?day=today&geohash=gcpuu3ywj8vv&time=ASAP,"Wick Lane, London, E32JG"
21,Tao Village Dim Sum,London,battersea-york-road,https://deliveroo.co.uk/menu/London/battersea-york-road/tao-village-dim-sum-editions-byr?geohash=gcpuu3ywj8vv,"Unit 13-15 Heliport industrial Estate, Battersea, London, London, SW113SS"
22,Forketta,London,battersea-york-road,https://deliveroo.co.uk/menu/London/battersea-york-road/barilla-editions-byr?geohash=gcpuu3ywj8vv,"Unit 13-15 Heliport industrial Estate, Battersea, London, SW113SS"
23,CANNACOFFEE Store,London,battersea-york-road,https://deliveroo.co.uk/menu/London/battersea-york-road/hashtag-editions-byr?geohash=gcpuu3ywj8vv,"Unit 13-15 Heliport industrial Estate, Battersea, London, SW113SS"
24,YUN Bento,London,battersea-york-road,https://deliveroo.co.uk/menu/London/battersea-york-road/yun-bento-editions-byr?geohash=gcpuu3ywj8vv,"Unit 13-15 Heliport industrial Estate, Battersea, London, SW113SS"
25,Banh Banh Vietnamese Kitchen,London,wandsworth-editions,https://deliveroo.co.uk/menu/London/wandsworth-editions/banh-banh-editions-wnw?day=today&geohash=gcpugcwkyb25&time=ASAP,"271 Merton Road, London, SW185JS"
26,Zing Zing,London,wandsworth-editions,https://deliveroo.co.uk/menu/London/wandsworth-editions/zing-zing-editions-wnw?day=today&geohash=gcpugcwkyb25&time=ASAP,"Unit 4, 271 Merton Road, London, SW185JS"
27,Rajah Rowing Indian Kitchen,London,wandsworth-editions,https://deliveroo.co.uk/menu/London/wandsworth-editions/rajah-rowing-editions-wnw?day=today&geohash=gcpugcwkyb25&time=ASAP,"Unit 4, 271, Merton Road, London, SW185JS"
28,Tao Tao Ju Èô∂Èô∂Â±Ö ,London,wandsworth-editions,https://deliveroo.co.uk/menu/London/wandsworth-editions/tao-tao-ju-editions-wnw?day=today&geohash=gcpuemxvwjnx&time=ASAP,"Unit 4, 271 Merton Road, Southfields, London, SW185JS"
29,Dishoom,London,wandsworth-editions,https://deliveroo.co.uk/menu/London/wandsworth-editions/dishoom-editions-wnw?day=today&geohash=gcpuemxvwjnx&time=ASAP,"Unit 4, 271 Merton Road Industrial Estate, Wandsworth, London, SW185JS"
30,WING¬∑STOP,London,wandsworth-editions,https://deliveroo.co.uk/menu/London/wandsworth-editions/wingstop-wandsworth?day=today&geohash=gcpuemxvwjnx&time=ASAP,"Unit 4, 271 Merton Road, London, SW185JS"
31,So Noodle - ‰∏ÄÊ±§‰∏ÄÁ≤â,London,whitechapel-editions,https://deliveroo.co.uk/menu/London/whitechapel-editions/shu-la-la-editions-whi?day=today&geohash=gcpvpqp8znt2&time=ASAP,"10 Assembly Passage, London, E14UT"
32,Tao Tao Ju Èô∂Èô∂Â±Ö ,London,canning-town-editions,https://deliveroo.co.uk/menu/London/canning-town-editions/tao-tao-ju-editions-can?day=today&geohash=gcpvpqp8znt2&time=ASAP,"Unit 3&4, Galaxy, Crescent Court Business Centre, London, E164TG"
33,Hare & Tortoise ,London,whitechapel-editions,https://deliveroo.co.uk/menu/London/whitechapel-editions/hare-and-tortoise-editions-wme?day=today&geohash=gcpvpqp8znt2&time=ASAP,"10 Assembly Passage, London, E14UT"
34,Yacob's Kitchen,London,whitechapel-editions,https://deliveroo.co.uk/menu/London/whitechapel-editions/jakobs-kitchen-editions-whi?day=today&geohash=gcpvpqp8znt2&time=ASAP,"10 Assembly Passage, London, E14UT"
35,Mama Li ,London,canning-town-editions,https://deliveroo.co.uk/menu/London/canning-town-editions/mama-li-express?day=today&geohash=gcpvpqp8znt2&time=ASAP,"Unit 3&4, Galaxy, Crescent Court Business Centre, London, E164TG"
36,Remedy Kitchen,London,whitechapel-editions,https://deliveroo.co.uk/menu/London/whitechapel-editions/remedy-kitchen-editions-whi?day=today&geohash=gcpvpqp8znt2&time=ASAP,"10 Assembly Passage, London, E14UT"
37,Motu Indian Kitchen,London,canning-town-editions,https://deliveroo.co.uk/menu/London/canning-town-editions/motu-indian-kitchen-blw?day=today&geohash=gcpvpqp8znt2&time=ASAP,"Prestage Way Car Park, Editions, Blackwall, London, E149QE"
38,Bronson‚Äôs Burgers,London,canary-wharf,https://deliveroo.co.uk/menu/London/canary-wharf/bronsons-burgers-canary-wharf?day=today&geohash=gcpvpqp8znt2&time=ASAP,"Kitchen 1, Jacuna Kitchens, 105 Cannon Drive, London, E144AS"
39,Dishoom,London,canning-town-editions,https://deliveroo.co.uk/menu/London/canning-town-editions/dishoom-editions-blw?day=today&geohash=gcpvpqp8znt2&time=ASAP,"Unit 3&4, Galaxy, Crescent Court Business Centre, Canning Town, London, E164TG"
40,WING¬∑STOP,London,canning-town-editions,https://deliveroo.co.uk/menu/London/canning-town-editions/wingstop-editions-blw?day=today&geohash=gcpvpqp8znt2&time=ASAP,"Unit 3&4, Galaxy, Crescent Court Business Centre, Canning Town, London, E164TG"
41,Popeyes Louisiana Kitchen,London,whitechapel-editions,https://deliveroo.co.uk/menu/London/whitechapel-editions/popeyes-editions-wme?day=today&geohash=gcpvpqp8znt2&time=ASAP,"10 Assembly Passage, London, E14UT"
42,Zzetta - Soul Fired Pizza,London,whitechapel-editions,https://deliveroo.co.uk/menu/London/whitechapel-editions/zzettta-editions-whi?day=today&geohash=gcpvpqp8znt2&time=ASAP,"10 Assembly Passage, London, E14UT"
43,The Great British Cheesecake Company,London,canning-town-editions,https://deliveroo.co.uk/menu/London/canning-town-editions/the-great-british-cheesecake-company-editions-blw?day=today&geohash=gcpvpqp8znt2&time=ASAP,"Prestage Way Car Park, Editions, Blackwall, London, E149QE"
44,Ice Cream Store (Editions Canning Town),London,canning-town-editions,https://deliveroo.co.uk/menu/London/canning-town-editions/ics-editions-blw?day=today&geohash=gcpvpqp8znt2&time=ASAP,"Unit 3&4, Galaxy, Crescent Court Business Centre, Canning Town, London, E164TG"
45,Remeo Gelato,London,whitechapel-editions,https://deliveroo.co.uk/menu/London/whitechapel-editions/remeo-gelato-editions-wme?day=today&geohash=gcpvpqp8znt2&time=ASAP,"10 Assembly Passage, Whitechapel, London, E14UT"
46,Jude's Ice Cream,London,canning-town-editions,https://deliveroo.co.uk/menu/London/canning-town-editions/judes-ice-cream-editions-blw?day=today&geohash=gcpvpqp8znt2&time=ASAP,"Prestage Way Car Park, Editions, Blackwall, London, E149QE"
47,TRIP CBD Store,London,whitechapel-editions,https://deliveroo.co.uk/menu/London/whitechapel-editions/trip-cbd-store-editions-wme?day=today&geohash=gcpvpqp8znt2&time=ASAP,"61 Assembly Passage, Whitechapel, London, E14UT"
48,Ice Cream Store (Editions Whitechapel),London,whitechapel-editions,https://deliveroo.co.uk/menu/London/whitechapel-editions/ics-editions-wme-new?day=today&geohash=gcpvpqp8znt2&time=ASAP,"Deliveroo Editions, 10 Assembly Passage, London, E14UT"
49,Ben & Jerry's Store (Editions Whitechapel),London,whitechapel-editions,https://deliveroo.co.uk/menu/London/whitechapel-editions/ben-and-jerrys-store-editions-wme?day=today&geohash=gcpvpqp8znt2&time=ASAP,"Deliveroo Editions, 10 Assembly Passage, London, E14UT"
50,üå¥ Poke Shack - Whitechapelüå¥ ,London,whitechapel-editions,https://deliveroo.co.uk/menu/London/whitechapel-editions/poke-shack-editions-whi?day=today&geohash=gcpvpqp8znt2&time=ASAP,"61 Assembly Passage, London, E14UT"
51,Biryaniwalla,London,caledonian-road-and-barnsbury,https://deliveroo.co.uk/menu/London/caledonian-road-and-barnsbury/biryaniwalla?day=today&geohash=gcpvpqp8znt2&time=ASAP,"149 Roman Way, Unit 4,, London, N78XH"
52,Rice Bowl Company,London,caledonian-road-and-barnsbury,https://deliveroo.co.uk/menu/London/caledonian-road-and-barnsbury/rum-and-rice-hammersmith-grove?day=today&geohash=gcpvpqp8znt2&time=ASAP,"149 Roman Way, Unit 4, London, N78XH"
53,Patri Artisan Street Food and Drinks,London,caledonian-road-and-barnsbury,https://deliveroo.co.uk/menu/London/caledonian-road-and-barnsbury/chai-naasto-hammersmith?day=today&geohash=gcpvpqp8znt2&time=ASAP,"Unit 4, 149 Roman Way, London, London, N78XH"
54,YUN Restaurant ‰∫ëÂçóÊ≠£ÂÆóËøáÊ°•Á±≥Á∫ø,London,canning-town-editions,https://deliveroo.co.uk/menu/London/canning-town-editions/yun-editions-blw?geohash=gcpvpqp8znt2,"Unit 3&4, Galaxy, Crescent Court Business Centre, Canning Town, London, E164TG"
55,YUN Bento Èõ≤‰æøÁï∂,London,canning-town-editions,https://deliveroo.co.uk/menu/London/canning-town-editions/yun-chinese-editions-blw-canary-wharf?geohash=gcpvpqp8znt2,"Unit 3&4, Galaxy, Crescent Court Business Centre, Canning Town, London, E164TG"
56,Bronson's Burgers,London,kentish-town,https://deliveroo.co.uk/menu/London/kentish-town/bronsons-burgers-kentish-town?day=today&geohash=gcpvkb1m8c93&time=ASAP,"Regis Rd, London NW5 3EG, United Kingdom, London, NW53EW"
57,Dishoom,London,caledonian-road-and-barnsbury,https://deliveroo.co.uk/menu/London/caledonian-road-and-barnsbury/dishoom-editions-isl?day=today&geohash=gcpvkb1m8c93&time=ASAP,"149 Roman Way, London, N78XH"
58,Pho,London,hornsey-station,https://deliveroo.co.uk/menu/London/hornsey-station/pho-editions-cre?day=today&geohash=gcpvkb1m8c93&time=ASAP,"Unit 21 Cranford Way, London, N89DG"
59,Ben & Jerry's Store,London,caledonian-road-and-barnsbury,https://deliveroo.co.uk/menu/London/caledonian-road-and-barnsbury/ben-and-jerrys-store-editions-isl?day=today&geohash=gcpvkb1m8c93&time=ASAP,"Unit 4, 149 Roman Way, Islington, London, N78XH"
60,Poke Shack,London,hornsey-station,https://deliveroo.co.uk/menu/London/hornsey-station/poke-shack-editions-cre?day=today&geohash=gcpvkb1m8c93&time=ASAP,"Unit 21, Cranford Way, London, N89DG"
61,Maroush,London,hornsey-station,https://deliveroo.co.uk/menu/London/hornsey-station/maroush-editions-cre?day=today&geohash=gcpvkb1m8c93&time=ASAP,"21 Cranford Way, London, N89DG"
62,Mindful Chef,London,hornsey-station,https://deliveroo.co.uk/menu/London/hornsey-station/mindful-chef-editions-cre?day=today&geohash=gcpvkb1m8c93&time=ASAP,"21 Cranford Way London, London, N89DG"
63,Pizza Paradiso ,London,swiss-cottage,https://deliveroo.co.uk/menu/London/swiss-cottage/pizza-paradiso-new-college-parade?geohash=gcpvkb1m8c93,"13 New College Parade, London, NW35EP"
64,Jude's Ice Cream,London,caledonian-road-and-barnsbury,https://deliveroo.co.uk/menu/London/caledonian-road-and-barnsbury/judes-ice-cream-editions-isl?geohash=gcpvkb1m8c93,"Unit 4, 149 Roman Way, London, N78XH"
65,Tao Tao Ju Èô∂Èô∂Â±Ö ,London,whitechapel-editions,https://deliveroo.co.uk/menu/London/whitechapel-editions/tao-tao-ju-editions-whi?day=today&geohash=gcpvjrhmqd3y&time=ASAP,"10 Assembly Passage, London, E14UT"
66,Motu Indian Kitchen,London,whitechapel-editions,https://deliveroo.co.uk/menu/London/whitechapel-editions/motu-editions-wme?day=today&geohash=gcpvjrhmqd3y&time=ASAP,"16 Assembly Passage, London, E14UT"
67,Jude's Ice Cream,London,whitechapel-editions,https://deliveroo.co.uk/menu/London/whitechapel-editions/judes-ice-cream-editions-wme-new?day=today&geohash=gcpvjrhmqd3y&time=ASAP,"10 Assembly Passage, London, E14UT"
68,Dishoom,London,whitechapel-editions,https://deliveroo.co.uk/menu/London/whitechapel-editions/dishoom-shoreditch?day=today&geohash=gcpvnffqn934&time=ASAP,"10 Assembly Passage, Whitechapel, London, E14UT"
69,Beer and Fried Chicken Co.,London,canning-town-editions,https://deliveroo.co.uk/menu/London/canning-town-editions/b-and-fried-chicken-co-editions-blw?geohash=gcpvnffqn934,"Unit 3&4, Galaxy, Crescent Court Business Centre, Canning Town, London, E164TG"
70,Pasta Evangelists,Cambridge,cambridge-south,https://deliveroo.co.uk/menu/Cambridge/cambridge-south/pasta-evangelists-editions-cam?day=today&geohash=u120gk5v2x5v&time=ASAP,"230 Mill Rd, Cambridge, Cambridge, CB13NF"
71,Dishoom,Cambridge,cambridge-editions,https://deliveroo.co.uk/menu/Cambridge/cambridge-editions/dishoom-editions-cam?day=today&geohash=u120gk5v2x5v&time=ASAP,"Unit 3-4 Restwell House, Coldham's Road, Cambridge, CB13EW"
72,Burger King ,Cambridge,cambridge-editions,https://deliveroo.co.uk/menu/Cambridge/cambridge-editions/burger-king-editions-cam?day=today&geohash=u120gk5v2x5v&time=ASAP,"Deliveroo Editions, Unit 3-4 Restwell House, Coldham's Road, Cambridge, CB13EW"
73,Nomi Katsu üáØüáµ,Cambridge,cambridge-editions,https://deliveroo.co.uk/menu/Cambridge/cambridge-editions/nomi-katsu-editions-cam-new?day=today&geohash=u120gk5v2x5v&time=ASAP,"Unit 3-4 Restwell House, Coldham's Road, Cambridge, CB13EW"
74,Poke Fuzion,Cambridge,cambridge-editions,https://deliveroo.co.uk/menu/Cambridge/cambridge-editions/poke-fuzion-editions-cam?day=today&geohash=u120gk5v2x5v&time=ASAP,"Unit 3-4 Restwell House, Coldham's Road, Cambridge, CB13EW"
75,Zumuku,Cambridge,cambridge-editions,https://deliveroo.co.uk/menu/Cambridge/cambridge-editions/zumu-editions-cam?day=today&geohash=u120gk5v2x5v&time=ASAP,"Unit 3-4 Restwell House, Cambridge, CB13EW"
76,Ice Cream Store,Cambridge,cambridge-editions,https://deliveroo.co.uk/menu/Cambridge/cambridge-editions/ics-editions-cambridge-new?day=today&geohash=u120gk5v2x5v&time=ASAP,"Unit 3-4 Restwell House, Coldham's Road, Cambridge, CB13EW"
77,Ben & Jerry's Store ,Cambridge,cambridge-editions,https://deliveroo.co.uk/menu/Cambridge/cambridge-editions/ben-and-jerrys-store-editions-cam?day=today&geohash=u120gk5v2x5v&time=ASAP,"Unit 3-4 Restwell House, Coldham's Road, Cambridge, CB13EW"
78,Trip CBD Store,Cambridge,cambridge-editions,https://deliveroo.co.uk/menu/Cambridge/cambridge-editions/trip-cbd-store-editions-cam?day=today&geohash=u120gk5v2x5v&time=ASAP,"Unit 3-4 Restwell House, Coldham's Road, Cambridge, CB13EW"
79,Forketta,Cambridge,cambridge-editions,https://deliveroo.co.uk/menu/Cambridge/cambridge-editions/barilla-editions-cam?geohash=u120gk5v2x5v,"Unit 3-4 Restwell House, Coldhams Road, Cambridge, CB13EW"
80,Dishoom,Brighton,brighton-and-hove-editions,https://deliveroo.co.uk/menu/Brighton/brighton-and-hove-editions/dishoom-editions-bnc?day=today&geohash=gcpc5qr687x2&time=ASAP,"Editions, Unit 1, Saxon Works, Olive Road, Hove, Brighton, BN35LE"
81,VIP Very Italian Pizza,Brighton,brighton-and-hove-editions,https://deliveroo.co.uk/menu/Brighton/brighton-and-hove-editions/vip-italy-limited-hove?day=today&geohash=gcpc5qr687x2&time=ASAP,"1 Saxon Works, Olive Road, Brighton, BN35LE"
82,üå¥ Poke Shack üå¥,Brighton,brighton-and-hove-editions,https://deliveroo.co.uk/menu/Brighton/brighton-and-hove-editions/poke-shack-editions-bnc?day=today&geohash=gcpc5qr687x2&time=ASAP,"Editions, Unit 1, Saxon Works, Olive Road, Hove, Brighton, BN35LE"
83,The Athenian | Greek Gyros & Souvlaki ,Brighton,brighton-and-hove-editions,https://deliveroo.co.uk/menu/Brighton/brighton-and-hove-editions/the-athenian-editions-bnc-new?day=today&geohash=gcpc5qr687x2&time=ASAP,"Unit 1 Saxon Works, Olive Road, Hove, Brighton, BN35LE"
84,Pokai,Brighton,brighton-centre,https://deliveroo.co.uk/menu/Brighton/brighton-centre/pokai-brighton?day=today&geohash=gcpc5qr687x2&time=ASAP,"169 North street, Brighton, BN11EA"
85,The Athenian - Vegan Greek Kitchen,Brighton,brighton-and-hove-editions,https://deliveroo.co.uk/menu/Brighton/brighton-and-hove-editions/the-athenian-plant-based-editions-bnc-new?day=today&geohash=gcpc5qr687x2&time=ASAP,"Unit 1 Saxon Works, Olive Road, Hove, Brighton, BN35LE"
86,Mindful Chef ,Brighton,brighton-and-hove-editions,https://deliveroo.co.uk/menu/Brighton/brighton-and-hove-editions/mindful-chef-editions-bnc?day=today&geohash=gcpc5qr687x2&time=ASAP,"Unit 1, Saxon Works, Olive Road, Brighton, BN35LE"
87,WING¬∑STOP,Leeds,editions-in-leeds,https://deliveroo.co.uk/menu/Leeds/editions-in-leeds/wingstop-editions-chr?day=today&geohash=gcwfhugpwsj5&time=ASAP,"Unit 1, Scott Hall Mills, Scotthall Street, Leeds, LS72HR"
88,Noodle Inn,Leeds,editions-in-leeds,https://deliveroo.co.uk/menu/Leeds/editions-in-leeds/noodles-inn-editions-chr?day=today&geohash=gcwfhugpwsj5&time=ASAP,"Unit 1, Scott Halls Mills, Leeds, LS72HT"
89,The Athenian | Greek Gyros & Souvlaki,Leeds,editions-in-leeds,https://deliveroo.co.uk/menu/Leeds/editions-in-leeds/the-athenian-editions-chr?day=today&geohash=gcwfhugpwsj5&time=ASAP,"Unit 1, Scott Halls Mills, Leeds, LS72HR"
90,Zumuku Sushi,Leeds,editions-in-leeds,https://deliveroo.co.uk/menu/Leeds/editions-in-leeds/zumu-editions-chr?day=today&geohash=gcwfhugpwsj5&time=ASAP,"Unit 1, Scott Halls Mills, Leeds, LS72HR"
91,Proove Pizza,Leeds,editions-in-leeds,https://deliveroo.co.uk/menu/Leeds/editions-in-leeds/proove-ltd?day=today&geohash=gcwfhugpwsj5&time=ASAP,"Unit 1, Scott Halls Mills, Leeds, LS72HT"
92,Luxford Burgers,Leeds,editions-in-leeds,https://deliveroo.co.uk/menu/Leeds/editions-in-leeds/luxford-burgers-editions-lee?day=today&geohash=gcwfhugpwsj5&time=ASAP,"Unit 1, Scott Hall Mills, Scotthall Street, Leeds, LS72HT"
93,Lower East Side üçï New York Style Pizza,Leeds,editions-in-leeds,https://deliveroo.co.uk/menu/Leeds/editions-in-leeds/lower-east-side-editions-chr?day=today&geohash=gcwfhugpwsj5&time=ASAP,"Leeds Editions, Unit 3, Scott Halls Mills, Leeds, LS72HR"
94,Nomi Katsu üáØüáµ,Leeds,editions-in-leeds,https://deliveroo.co.uk/menu/Leeds/editions-in-leeds/nomi-katsu-editions-chr?day=today&geohash=gcwfhugpwsj5&time=ASAP,"Unit 1, Scott Halls Mills, Leeds, LS72HR"
95,Poke Fuzion,Leeds,editions-in-leeds,https://deliveroo.co.uk/menu/Leeds/editions-in-leeds/poke-fuzion-editions-chr?day=today&geohash=gcwfhugpwsj5&time=ASAP,"Unit 1, Scott Halls Mills, Leeds, LS72HR"
96,Twisted Kimchi,Leeds,editions-in-leeds,https://deliveroo.co.uk/menu/Leeds/editions-in-leeds/twisted-kimchi-editions-chr?day=today&geohash=gcwfhugpwsj5&time=ASAP,"Unit 1, Scott Halls Mills, Leeds, LS72HR"
97,Pasta Evangelists ,Leeds,wortley,https://deliveroo.co.uk/menu/Leeds/wortley/pasta-evangelists-leeds?day=today&geohash=gcwfhugpwsj5&time=ASAP,"Jacuna Kitchens, Wortley Moor Road, Leeds, LS124JF"
98,Awesome Chinese,Leeds,editions-in-leeds,https://deliveroo.co.uk/menu/Leeds/editions-in-leeds/awesome-chinese-editions-chr?day=today&geohash=gcwfhugpwsj5&time=ASAP,"Unit 1,Scott Halls Mills, Leeds, Leeds, LS72HR"
99,Mr Miyagi Ramen & Udon ÂÆ´ÂüéÊâã‰ΩúÊãâÈù¢+‰πåÂÜ¨,Leeds,editions-in-leeds,https://deliveroo.co.uk/menu/Leeds/editions-in-leeds/mr-miyagi-ramen-and-bao-editions-chr?day=today&geohash=gcwfhugpwsj5&time=ASAP,"Unit 1, Scott Halls Mills, Leeds, LS72HT"
100,Sabor,Leeds,editions-in-leeds,https://deliveroo.co.uk/menu/Leeds/editions-in-leeds/sabor-editions-lee?day=today&geohash=gcwfhugpwsj5&time=ASAP,"Unit 1, Scott Hall Mills, Scotthall Street, Leeds, LS72HT"
101,Bulked Loaded Fries,Leeds,editions-in-leeds,https://deliveroo.co.uk/menu/Leeds/editions-in-leeds/bulked-editions-lee?day=today&geohash=gcwfhugpwsj5&time=ASAP,"Unit 1, Scott Hall Mills, Scotthall Street, Leeds, LS72HT"
102,The Athenian - Vegan Greek Kitchen,Leeds,editions-in-leeds,https://deliveroo.co.uk/menu/Leeds/editions-in-leeds/the-athenian-plant-based-editions-chr?day=today&geohash=gcwfhugpwsj5&time=ASAP,"Unit 1, Scott Halls Mills, Leeds, LS72HR"
103,Meatless Miyagi	,Leeds,editions-in-leeds,https://deliveroo.co.uk/menu/Leeds/editions-in-leeds/meatless-miyagi-editions-chr?day=today&geohash=gcwfhugpwsj5&time=ASAP,"Unit 1, Scott Halls Mills, Leeds, LS72HR"
104,Noodle Inn Vegetarian,Leeds,editions-in-leeds,https://deliveroo.co.uk/menu/Leeds/editions-in-leeds/noodle-inn-vegetarian-editions-chr?day=today&geohash=gcwfhugpwsj5&time=ASAP,"Unit 1, Scott Halls Mills, Leeds, LS72HR"
105,Wings 'n Ribs in Wok,Leeds,editions-in-leeds,https://deliveroo.co.uk/menu/Leeds/editions-in-leeds/awesome-wings-editions-chr?day=today&geohash=gcwfhugpwsj5&time=ASAP,"Unit 1, Scott Halls Mills,Leeds, Leeds, LS72HR"
106,PROOVegan,Leeds,editions-in-leeds,https://deliveroo.co.uk/menu/Leeds/editions-in-leeds/proovegan-editions-chr?day=today&geohash=gcwfhugpwsj5&time=ASAP,"Unit 3, Scott Hall Mills, Leeds, LS72HR"
107,Fuji Bento	,Leeds,editions-in-leeds,https://deliveroo.co.uk/menu/Leeds/editions-in-leeds/fuji-bento-editions-chr?day=today&geohash=gcwfhugpwsj5&time=ASAP,"Unit 1, Scott Halls Mills, Leeds, LS72HR"
108,Ben & Jerry's Store,Leeds,editions-in-leeds,https://deliveroo.co.uk/menu/Leeds/editions-in-leeds/ben-and-jerrys-store-editions-chr?day=today&geohash=gcwfhugpwsj5&time=ASAP,"Unit 1, Scott Hall Street, Leeds, LS72HR"
109,Remeo Gelato,Leeds,editions-in-leeds,https://deliveroo.co.uk/menu/Leeds/editions-in-leeds/remeo-gelato-editions-chr?day=today&geohash=gcwfhugpwsj5&time=ASAP,"Rear Ground Floor Warehouse, Scott Hall Street, Leeds, LS72HR"
110,WING¬∑STOP,London,acton-editions,https://deliveroo.co.uk/menu/London/acton-editions/wingstop-editions-act?day=today&geohash=gcpv4073pfnr&time=ASAP,"Unit 33, Acton Park Industrial Estate, London, W37QE"
111,üå¥ Poke Shack üå¥,London,acton-editions,https://deliveroo.co.uk/menu/London/acton-editions/the-poke-shack-editions-act?day=today&geohash=gcpv4073pfnr&time=ASAP,"Unit 33, Acton Park Industrial Estate, London, W37QE"
112,Patri Artisan Street Food and Drinks,London,acton-editions,https://deliveroo.co.uk/menu/London/acton-editions/patri-artisan-street-food-and-drinks?day=today&geohash=gcpv4073pfnr&time=ASAP,"Unit 33, Acton Park Industrial Estate, London,, London, W37QE"
113,Dishoom,London,acton-editions,https://deliveroo.co.uk/menu/London/acton-editions/dishoom-editions-act?day=today&geohash=gcpv4073pfnr&time=ASAP,"Unit 33, Acton Park Industrial Estate, London, W37QE"
114,Remedy Kitchen,London,acton-editions,https://deliveroo.co.uk/menu/London/acton-editions/remedy-kitchen-editions-act?day=today&geohash=gcpv4073pfnr&time=ASAP,"Unit 33, Acton Park Industrial Estate, London, W37QE"
115,Tao Tao Ju ,London,acton-editions,https://deliveroo.co.uk/menu/London/acton-editions/tao-tao-ju-editions-acton?day=today&geohash=gcpv4073pfnr&time=ASAP,"Unit 33, Acton Park Industrial Estate, London, W37QE"
116,Yacob's Kitchen ,London,acton-editions,https://deliveroo.co.uk/menu/London/acton-editions/jacobs-kitchen-editions-act?day=today&geohash=gcpv4073pfnr&time=ASAP,"Unit 33, Acton Park Industrial Estate, W3 7QE, London, W37QE"
117,Rice Bowl Company,London,acton-editions,https://deliveroo.co.uk/menu/London/acton-editions/rum-and-rice?day=today&geohash=gcpv4073pfnr&time=ASAP,"Unit 33, Acton Park Industrial Estate,, London, W37QE"
118,Kanada-Ya Ramen Bar,London,maida-vale-editions,https://deliveroo.co.uk/menu/London/maida-vale-editions/kanada-ya-editions-mdv?day=today&geohash=gcpv4073pfnr&time=ASAP,"Unit 8, Mitre Way, Mitre Way Industrial Area, London, W106AU"
119,KKINI Korean Restaurant,London,maida-vale-editions,https://deliveroo.co.uk/menu/London/maida-vale-editions/kkini-editions-mdv?day=today&geohash=gcpv4073pfnr&time=ASAP,"Maida Vale Deliveroo Editions site, 8, Mitre Way, Mitre Bridge Industrial Estate, London Borough of Hammersmith and Fulham, London, Greater London, England, W10 6AU, United Kingdom, London, W106AU, London, W106AU"
120,Popeyes Louisiana Kitchen,London,maida-vale-editions,https://deliveroo.co.uk/menu/London/maida-vale-editions/popeyes-editions-mdv?day=today&geohash=gcpv4073pfnr&time=ASAP,"8, Mitre Way, Mitre Bridge Industrial Estate, W10 6AU, London, W106AU"
121,The Good Earth,London,maida-vale-editions,https://deliveroo.co.uk/menu/London/maida-vale-editions/the-good-earth-editions-bel?day=today&geohash=gcpv4073pfnr&time=ASAP,"Deliveroo Editions, Unit 8 Mitre Way, Mitre Bridge Industrial Estate, London Borough of Hammersmith and Fulham, London, London, W106AU, London, W106AU"
122,Bleecker Burger,London,maida-vale-editions,https://deliveroo.co.uk/menu/London/maida-vale-editions/bleecker-editions-mv?day=today&geohash=gcpv4073pfnr&time=ASAP,"Deliveroo Editions, Unit 8 Mitre Way, Mitre Bridge Industrial Estate, London Borough of Hammersmith and Fulham,, London, W106AU"
123,Mindful Chef,London,acton-editions,https://deliveroo.co.uk/menu/London/acton-editions/mindful-chef-editions-act?day=today&geohash=gcpv4073pfnr&time=ASAP,"Unit 33, Acton Park Industrial Estate, London, W37QE"
124,TRIP CBD Store,London,acton-editions,https://deliveroo.co.uk/menu/London/acton-editions/trip-cbd-store-editions-act?day=today&geohash=gcpv4073pfnr&time=ASAP,"Unit 33, Acton Park Industrial Estate, London, W37QE"
125,Biryaniwalla by Patri,London,hammersmith,https://deliveroo.co.uk/menu/London/hammersmith/biryaniwalla-ealing?day=today&geohash=gcpv4073pfnr&time=ASAP,"103 Hammersmith Grove, London, London, W60NQ"
126,YUN Bento,London,maida-vale-editions,https://deliveroo.co.uk/menu/London/maida-vale-editions/yun-bento-editions-mdv?geohash=gcpv4073pfnr,"Unit 8, Mitre Way, White City, London, W106AU"
127,Tao Village Dim Sum,London,maida-vale-editions,https://deliveroo.co.uk/menu/London/maida-vale-editions/tao-village-dim-sum-editions-mdv?geohash=gcpv4073pfnr,"8 Mitre Way, London, W106AU"
128,Dishoom,London,maida-vale-editions,https://deliveroo.co.uk/menu/London/maida-vale-editions/dishoom-kings-cross?day=today&geohash=gcpv4ezcruym&time=ASAP,"Deliveroo Editions, Unit 8 Mitre Way, Mitre Bridge Industrial Estate, London Borough of Hammersmith and Fulham, London, London, W106AU"
129,Bronson's Burgers ,London,brent-cross-editions,https://deliveroo.co.uk/menu/London/brent-cross-editions/bronsons-burgers-editions-brc?day=today&geohash=gcpv4ezcruym&time=ASAP,"2 Phoenix Industrial Estate Apsley Way, London, NW27LN"
130,Mindful Chef,London,maida-vale-editions,https://deliveroo.co.uk/menu/London/maida-vale-editions/mindful-chef-editions-mdv?day=today&geohash=gcpv4ezcruym&time=ASAP,"Unit 8, Mitre Way, White City, London, W106AU"
131,Tao Tao Ju Èô∂Èô∂Â±Ö ,London,brent-cross-editions,https://deliveroo.co.uk/menu/London/brent-cross-editions/tao-tao-ju-editions-brc?geohash=gcpv4ezcruym,"Phoenix Park, Aspley Way, Unit 2, London, NW27LN"
132,WING¬∑STOP,Manchester,editions-ordsall,https://deliveroo.co.uk/menu/Manchester/editions-ordsall/wingstop-manchester-dk?day=today&geohash=gcw2hjwsdbgp&time=ASAP,"Unit 10, Foundry Business Park, Ordsall Lane, Salford, Manchester, M53AN, Manchester, M53AN"
133,üåøWawin Vegan Chineseüåø ,Manchester,editions-ordsall,https://deliveroo.co.uk/menu/Manchester/editions-ordsall/wawin-vegan-chinese-manchester?day=today&geohash=gcw2hjwsdbgp&time=ASAP,"Unit 10, Foundry Business Park, Ordsall Lane, Salford, Manchester,, Manchester, M53AN"
134,The Athenian - Greek Gyros & Souvlaki ,Manchester,editions-ordsall,https://deliveroo.co.uk/menu/Manchester/editions-ordsall/the-athenian-editions-sal?day=today&geohash=gcw2hjwsdbgp&time=ASAP,"Unit 10, Foundry Business Park, Ordsall Lane, Salford, Manchester, M53AN"
135,Luxford Burgers,Manchester,editions-ordsall,https://deliveroo.co.uk/menu/Manchester/editions-ordsall/luxford-burgers-editions-man?day=today&geohash=gcw2hjwsdbgp&time=ASAP,"Unit 10, Foundry Business Park, Ordsall Lane, Salford, Manchester, M53AN"
136,Zumuku Sushi,Manchester,editions-ordsall,https://deliveroo.co.uk/menu/Manchester/editions-ordsall/zumu-editions?day=today&geohash=gcw2hjwsdbgp&time=ASAP,"Salford Editions Unit 10, Manchester, Manchester, M53AN"
137,Proove Pizza,Manchester,editions-ordsall,https://deliveroo.co.uk/menu/Manchester/editions-ordsall/proove-editions-sal?day=today&geohash=gcw2hjwsdbgp&time=ASAP,"Salford Editions Unit 10, Manchester, Manchester, M53AN"
138,Poke Fuzion by ZUMU,Manchester,editions-ordsall,https://deliveroo.co.uk/menu/Manchester/editions-ordsall/poke-fuzion-uk?day=today&geohash=gcw2hjwsdbgp&time=ASAP,"Salford Editions Unit 10, Manchester, Manchester, M53AN"
139,Lower East Side üçï New York Style Pizza,Manchester,editions-ordsall,https://deliveroo.co.uk/menu/Manchester/editions-ordsall/lower-east-side-editions-sal?day=today&geohash=gcw2hjwsdbgp&time=ASAP,"Unit 10, Foundry Business Park, Ordsall Lane, Salford, Manchester, M53AN"
140,The Athenian - Vegan Greek Kitchen,Manchester,editions-ordsall,https://deliveroo.co.uk/menu/Manchester/editions-ordsall/the-athenian-plant-based-editions-sal?day=today&geohash=gcw2hjwsdbgp&time=ASAP,"Unit 10, Foundry Business Park, Ordsall Lane, Salford, Manchester, M53AN"
141,Sabor - Latin American,Manchester,editions-ordsall,https://deliveroo.co.uk/menu/Manchester/editions-ordsall/sabor-editions-man?day=today&geohash=gcw2hjwsdbgp&time=ASAP,"Unit 10, Foundry Business Park, Ordsall Lane, Salford, Manchester, M53AN"
142,Bulked Loaded Fries,Manchester,editions-ordsall,https://deliveroo.co.uk/menu/Manchester/editions-ordsall/bulked-editions-man?day=today&geohash=gcw2hjwsdbgp&time=ASAP,"Unit 10, Foundry Business Park, Ordsall Lane, Salford, Manchester, M53AN"
143,PROOVegan,Manchester,editions-ordsall,https://deliveroo.co.uk/menu/Manchester/editions-ordsall/proovegan-editions-sal?day=today&geohash=gcw2hjwsdbgp&time=ASAP,"Unit 10, Foundry, Ordsall Lane, Manchester, M53AN"
144,TRIP CBD Store,Manchester,editions-ordsall,https://deliveroo.co.uk/menu/Manchester/editions-ordsall/trip-cbd-store-editions-sal?day=today&geohash=gcw2hjwsdbgp&time=ASAP,"Unit 10, Foundry Business Park, Ordsall Lane, Salford, Manchester, M53AN"
145,Fuji Bento,Manchester,editions-ordsall,https://deliveroo.co.uk/menu/Manchester/editions-ordsall/karate-kid-bento-editions-manchester?day=tomorrow&geohash=gcw2hjwsdbgp&time=1230,"Salford Editions Unit 10, Manchester,Foundry Business Park, Ordsall Lane, Salford, Manchester, M53AN"
146,KYN Pan Asian by ZUMU,Manchester,editions-ordsall,https://deliveroo.co.uk/menu/Manchester/editions-ordsall/kyn-editions-sal?day=tomorrow&geohash=gcw2hjwsdbgp&time=1230,"Salford Editions Unit 10, Manchester, Manchester, M53AN"
147,Nomi Katsu üáØüáµ,Manchester,editions-ordsall,https://deliveroo.co.uk/menu/Manchester/editions-ordsall/nomi-katsu-editions-sal?geohash=gcw2hjwsdbgp,"Salford Editions Unit 10, Manchester,Foundry Business Park, Ordsall Lane, Salford, Manchester, M53AN"
148,Buns and Wings,Manchester,editions-ordsall,https://deliveroo.co.uk/menu/Manchester/editions-ordsall/buns-and-wings-editions-sal?geohash=gcw2hjwsdbgp,"Salford Editions Unit 10, Foundry Business Park,Ordsall Lane, Salford, Manchester, M53AN"
149,Yacob's Kitchen,London,bsy-1-editions,https://deliveroo.co.uk/menu/London/bsy-1-editions/jakobs-kitchen-editions-bsy?day=today&geohash=gcpuysr6ce42&time=ASAP,"Unit 9, British Wharf, Landmann Way, London, SE145RS"
150,Tao Tao Ju Èô∂Èô∂Â±Ö,London,bsy-2-editions,https://deliveroo.co.uk/menu/London/bsy-2-editions/tao-tao-ju-carlisle-lane?day=today&geohash=gcpuysr6ce42&time=ASAP,"145 Ormside Street, South Bermondsey London,, London, SE151TF"
151,Dishoom ,London,bsy-2-editions,https://deliveroo.co.uk/menu/London/bsy-2-editions/dishoom-editions-ber?day=today&geohash=gcpuysr6ce42&time=ASAP,"145 Ormside Street, South Bermondsey, London, SE151TF"
152,Shake Shack ‚Äì Burgers & Shakes,London,bsy-1-editions,https://deliveroo.co.uk/menu/London/bsy-1-editions/shake-shack-editions-bsy?day=today&geohash=gcpuysr6ce42&time=ASAP,"Unit 9, British Wharf, Landmann Way, London, SE145RS"
153,Pho,London,bsy-2-editions,https://deliveroo.co.uk/menu/London/bsy-2-editions/pho-editions-ber?day=today&geohash=gcpuysr6ce42&time=ASAP,"145 Ormside Street, London, SE151TF"
154,Bronson's Burgers,London,south-bermondsey-area,https://deliveroo.co.uk/menu/London/south-bermondsey-area/bronsons-burgers-ormside-street?day=today&geohash=gcpuysr6ce42&time=ASAP,"107 Ormside Street, London, SE151TF"
155,Poke Shack,London,bsy-1-editions,https://deliveroo.co.uk/menu/London/bsy-1-editions/poke-shack-editions-bsy?day=today&geohash=gcpuysr6ce42&time=ASAP,"Unit 9, British Wharf, Landmann Way, London, SE145RS"
156,Bleecker Burger,London,bsy-1-editions,https://deliveroo.co.uk/menu/London/bsy-1-editions/bleecker-editions-bsy?day=today&geohash=gcpuysr6ce42&time=ASAP,"Unit 9, British Wharf, Landmann Way, London, SE145RS"
157,Remedy Kitchen,London,bsy-1-editions,https://deliveroo.co.uk/menu/London/bsy-1-editions/remedy-kitchen-editions-bsy?day=today&geohash=gcpuysr6ce42&time=ASAP,"9 British Wharf Landmann Way, London, SE145RS"
158,WING¬∑STOP,London,bsy-2-editions,https://deliveroo.co.uk/menu/London/bsy-2-editions/wingstop-editions-ber?day=today&geohash=gcpuysr6ce42&time=ASAP,"145 Ormside Street, London, SE151TF"
159,Jude's Ice Cream,London,bsy-1-editions,https://deliveroo.co.uk/menu/London/bsy-1-editions/judes-ice-cream-editions-sur?day=today&geohash=gcpuysr6ce42&time=ASAP,"Unit 9, British Wharf, Landmann Way, London, SE145RS"
160,Zing Zing ,London,honor-oak-park,https://deliveroo.co.uk/menu/London/honor-oak-park/zing-zing-editions-dul?day=today&geohash=gcpuysr6ce42&time=ASAP,"Units 3 & 4 Dulwich Business Centre Dulwich, London, SE231AG"
161,Coqfighter ,London,honor-oak-park,https://deliveroo.co.uk/menu/London/honor-oak-park/coqfighter-editions-dul?day=today&geohash=gcpuysr6ce42&time=ASAP,"Units 3 & 4 Dulwich Business Centre, Dulwich, London, SE231AG"
162,Trip CBD Store ,London,south-bermondsey-area,https://deliveroo.co.uk/menu/London/south-bermondsey-area/trip-cbd-store-peckham?day=today&geohash=gcpuysr6ce42&time=ASAP,"107-109 Ormside Street, London, SE151TF"
163,Popeyes Louisiana Kitchen,London,honor-oak-park,https://deliveroo.co.uk/menu/London/honor-oak-park/popeyes-editions-dul?day=today&geohash=gcpuwvtr0mk9&time=ASAP,"Units 3 & 4 Dulwich Business Centre, Dulwich, London, SE231AG"
164,Dishoom ,London,honor-oak-park,https://deliveroo.co.uk/menu/London/honor-oak-park/dishoom-editions-dul?day=today&geohash=gcpuwvtr0mk9&time=ASAP,"Units 3 & 4 Dulwich Business Centre, London, SE231AG"
165,Pho,London,honor-oak-park,https://deliveroo.co.uk/menu/London/honor-oak-park/pho-editions-dul?day=today&geohash=gcpuwvtr0mk9&time=ASAP,"Units 3 & 4 Dulwich Business Centre, Dulwich, London, SE231AG"
166,WING¬∑STOP,London,brent-cross-editions,https://deliveroo.co.uk/menu/London/brent-cross-editions/wingstop-editions-brc?day=today&geohash=gcpv6ed34vp4&time=ASAP,"Pheonix Park, Apsley Way, Unit 2, London, NW27LN"
167,Pho,London,brent-cross-editions,https://deliveroo.co.uk/menu/London/brent-cross-editions/pho-editions-brc?day=today&geohash=gcpv6ed34vp4&time=ASAP,"Phoenix Park, Apsley Way, Unit 2, London, NW27LN"
168,Mindful Chef ,London,brent-cross-editions,https://deliveroo.co.uk/menu/London/brent-cross-editions/mindful-chef-editions-brc?day=today&geohash=gcpv6ed34vp4&time=ASAP,"Phoenix Park, Apsley Way, Unit 2, London, NW27LN"
169,TRIP CBD Store,London,west-hendon,https://deliveroo.co.uk/menu/London/west-hendon/trip-cbd-store-colindale?day=today&geohash=gcpv6ed34vp4&time=ASAP,"Knightsbridge House, Hool Close, London, NW98XG"
170,The Athenian | Greek Gyros & Souvlaki,Nottingham,nottingham-editions,https://deliveroo.co.uk/menu/Nottingham/nottingham-editions/the-athenian-editions-ntg?day=today&geohash=gcrjm0h9b43k&time=ASAP,"1 Redwood Court, Faraday Road, Nottingham, NG72BQ"
171,Noodle Inn,Nottingham,nottingham-editions,https://deliveroo.co.uk/menu/Nottingham/nottingham-editions/noodle-inn-editions-ntg?day=today&geohash=gcrjm0h9b43k&time=ASAP,"1 Redwood Court, Salisbury Street, Nottingham, NG72BQ"
172,Nomi Katsu üáØüáµ	,Nottingham,nottingham-editions,https://deliveroo.co.uk/menu/Nottingham/nottingham-editions/nomi-katsu-editions-ntg?day=today&geohash=gcrjm0h9b43k&time=ASAP,"1 Redwood Court, Faraday Road, Nottingham, NG72BQ"
173,Luxford Burgers,Nottingham,nottingham-editions,https://deliveroo.co.uk/menu/Nottingham/nottingham-editions/luxford-burgers-editions-ntg?day=today&geohash=gcrjm0h9b43k&time=ASAP,"Unit 1,Redwood Court, Salisbury Street, Nottingham, NG72BQ"
174,Awesome Chinese,Nottingham,nottingham-editions,https://deliveroo.co.uk/menu/Nottingham/nottingham-editions/awesome-chinese-editions-ntg?day=today&geohash=gcrjm0h9b43k&time=ASAP,"1 Redwood Court,Faraday Road, Nottingham, Nottingham, NG72BQ"
175,Zumuku Sushi	,Nottingham,nottingham-editions,https://deliveroo.co.uk/menu/Nottingham/nottingham-editions/zumu-editions-ntg?day=today&geohash=gcrjm0h9b43k&time=ASAP,"1 Redwood Court, Faraday Road, Nottingham, NG72BQ"
176,Pasta Evangelists,Nottingham,nottingham-city-centre,https://deliveroo.co.uk/menu/Nottingham/nottingham-city-centre/pasta-evangelists-editions-ntg?day=today&geohash=gcrjm0h9b43k&time=ASAP,"100 Alfreton Rd, Radford, Nottingham NG7 3NS, Nottingham, NG73NS"
177,The Athenian - Vegan Greek Kitchen,Nottingham,nottingham-editions,https://deliveroo.co.uk/menu/Nottingham/nottingham-editions/the-athenian-plant-based-editions-ntg?day=today&geohash=gcrjm0h9b43k&time=ASAP,"1 Redwood Court, Faraday Road, Nottingham, NG72BQ"
178,Poke Fuzion,Nottingham,nottingham-editions,https://deliveroo.co.uk/menu/Nottingham/nottingham-editions/poke-fuzion-editions-ntg?day=today&geohash=gcrjm0h9b43k&time=ASAP,"1 Redwood Court, Faraday Road, Nottingham, NG72BQ"
179,Twisted Kimchi ,Nottingham,nottingham-editions,https://deliveroo.co.uk/menu/Nottingham/nottingham-editions/twisted-kimchi-editions-ntg?day=today&geohash=gcrjm0h9b43k&time=ASAP,"1 Redwood Court, Faraday Road, Nottingham, NG72BQ"
180,Katsu ,Nottingham,nottingham-editions,https://deliveroo.co.uk/menu/Nottingham/nottingham-editions/katsu-editions-ntg?day=today&geohash=gcrjm0h9b43k&time=ASAP,"1 Redwood Court, Faraday Road, Nottingham, NG72BQ"
181,La Mei Zi Dim Sum and Sichuan Kitchen,Nottingham,nottingham-editions,https://deliveroo.co.uk/menu/Nottingham/nottingham-editions/la-mei-zi-editions-ntg?day=today&geohash=gcrjm0h9b43k&time=ASAP,"1 Redwood Court, Salisbury Street, Nottingham, NG72BQ"
182,Sabor,Nottingham,nottingham-editions,https://deliveroo.co.uk/menu/Nottingham/nottingham-editions/sabor-editions-ntg?day=today&geohash=gcrjm0h9b43k&time=ASAP,"Unit 1,Redwood Court, Salisbury Street, Nottingham, NG72BQ"
183,Bulked,Nottingham,nottingham-editions,https://deliveroo.co.uk/menu/Nottingham/nottingham-editions/bulked-editions-ntg?day=today&geohash=gcrjm0h9b43k&time=ASAP,"Unit 1, Redwood Court, Salisbury Street, Nottingham, NG72BQ"
184,Ben & Jerry's Store,Nottingham,nottingham-editions,https://deliveroo.co.uk/menu/Nottingham/nottingham-editions/ben-and-jerrys-store-editions-ntg?day=today&geohash=gcrjm0h9b43k&time=ASAP,"1 Redwood Court, Faraday Road, Nottingham, NG72BQ"
185,TRIP CBD Store ,Nottingham,nottingham-editions,https://deliveroo.co.uk/menu/Nottingham/nottingham-editions/trip-cbd-store-editions-ntg?day=today&geohash=gcrjm0h9b43k&time=ASAP,"Unit 1, Redwood Court, Salisbury Street, Nottingham, NG72BQ"
186,Remeo Gelato,Nottingham,nottingham-editions,https://deliveroo.co.uk/menu/Nottingham/nottingham-editions/remeo-gelato-editions-ntg?day=today&geohash=gcrjm0h9b43k&time=ASAP,"1 Redwood Court, Faraday Road, Nottingham, NG72BQ"
187,WAWIN Vegan Chinese,Nottingham,nottingham-editions,https://deliveroo.co.uk/menu/Nottingham/nottingham-editions/wawin-vegan-chinese-editions-ntg?day=tomorrow&geohash=gcrjm0h9b43k&time=1645,"Unit 1,Redwood Court, Salisbury Street, Nottingham, NG72BQ"
188,Miyagi Bento and Donburi,Nottingham,nottingham-editions,https://deliveroo.co.uk/menu/Nottingham/nottingham-editions/miyagi-bento-and-donburi-editions-ntg?geohash=gcrjm0h9b43k,"1 Redwood Court, Faraday Road, Nottingham, NG72BQ"
189,Ben & Jerry's Store - Edition - CAT,London,blackwall,https://deliveroo.co.uk/menu/London/blackwall/ben-and-jerrys-store-editions-blw?geohash=u10j05846jny,"Blackwall Car Park, Prestage Way, London, E149QE"
190,Lolo Poke,London,blackwall,https://deliveroo.co.uk/menu/London/blackwall/lolo-poke-editions-blw?geohash=u10j05846jny,"Blackwall, London, E149QE"
191,WINGSTOP,London,jubilee-park-lee-valley,https://deliveroo.co.uk/menu/London/jubilee-park-lee-valley/wingstop-enfield-dk?day=today&geohash=gcpvybj0n01b&time=ASAP,"Unit 6 Great Cambridge Industrial Estate Lincoln Road, London, EN11SH"
192,Bronson‚Äôs Burgers,London,jubilee-park-lee-valley,https://deliveroo.co.uk/menu/London/jubilee-park-lee-valley/bronsons-burgers-editions-plg?day=today&geohash=gcpvybj0n01b&time=ASAP,"Unit 6, Great Cambridge Industrial Estate, London, EN11SH"
193,Mindful Chef ,London,jubilee-park-lee-valley,https://deliveroo.co.uk/menu/London/jubilee-park-lee-valley/mindful-chef-editions-plg?day=today&geohash=gcpvybj0n01b&time=ASAP,"Unit 6, Great Cambridge Industrial Estate, London, EN11SH"
194,TRIP CBD Store ,London,jubilee-park-lee-valley,https://deliveroo.co.uk/menu/London/jubilee-park-lee-valley/trip-cbd-store-editions-plg?day=today&geohash=gcpvybj0n01b&time=ASAP,"Unit 6, Great Cambridge Industrial Estate Lincoln Road, London, EN11SH"
195,WING¬∑STOP,Bristol,bristol-editions-site,https://deliveroo.co.uk/menu/Bristol/bristol-editions-site/wingstop-editions-brs?day=today&geohash=gcnhvd602txg&time=ASAP,"Unit 1 Glenfrome Road, Bristol, BS56XX"
196,Sushi Shop,Bristol,bristol-editions-site,https://deliveroo.co.uk/menu/Bristol/bristol-editions-site/sushi-shop-editions-brs?day=today&geohash=gcnhvd602txg&time=ASAP,"Unit 1 Glenfrome House, Bristol, BS56XX"
197,Oowee Diner,Bristol,bristol-editions-site,https://deliveroo.co.uk/menu/Bristol/bristol-editions-site/oowee-diner-editions-brs?day=today&geohash=gcnhvd602txg&time=ASAP,"Unit 1, Glenfrome House, Bristol, BS56XX"
198,Kokoro: Chicken katsu & sushi,Bristol,bristol-editions-site,https://deliveroo.co.uk/menu/Bristol/bristol-editions-site/kokoro-editions-bristol?day=today&geohash=gcnhvd602txg&time=ASAP,"Unit 1, Glenfrome House, Bristol, BS56XX"
199,The Athenian | Greek Gyros & Souvlaki,Bristol,bristol-editions-site,https://deliveroo.co.uk/menu/Bristol/bristol-editions-site/the-athenian-editions-brs?day=today&geohash=gcnhvd602txg&time=ASAP,"Unit 1, Glenfrome House, Bristol, Bristol, BS56XX"
200,Koh Thai,Bristol,bristol-editions-site,https://deliveroo.co.uk/menu/Bristol/bristol-editions-site/koh-thai-editions-brs?day=today&geohash=gcnhvd602txg&time=ASAP,"Unit 1, Glenfrome House, Bristol,, Bristol, BS56XX"
201,Zumuku,Bristol,bristol-editions-site,https://deliveroo.co.uk/menu/Bristol/bristol-editions-site/zumu-editions-brs?day=today&geohash=gcnhvd602txg&time=ASAP,"Unit 1, Glenfrome House, Bristol, BS56XX"
202,Pasta Evangelists ,Bristol,montpelier-station,https://deliveroo.co.uk/menu/Bristol/montpelier-station/pasta-evangelists-editions-brs?day=today&geohash=gcnhvd602txg&time=ASAP,"196 Cheltenham Rd, Cotham, Bristol BS6 5RB, Bristol, BS65RB"
203,Pokai,Bristol,bristol-editions-site,https://deliveroo.co.uk/menu/Bristol/bristol-editions-site/pokai-editions-brs?day=today&geohash=gcnhvd602txg&time=ASAP,"House Unit 1 Glenfrome Road, Bristol, BS56XX"
204,Nomi Katsu Editions,Bristol,bristol-editions-site,https://deliveroo.co.uk/menu/Bristol/bristol-editions-site/nomi-katsu-editions-brs?day=today&geohash=gcnhvd602txg&time=ASAP,"Unit 1 Glenfrome House, Bristol, BS56XX"
205,Poke Fusion,Bristol,bristol-editions-site,https://deliveroo.co.uk/menu/Bristol/bristol-editions-site/poke-fusion-editions-brs?day=today&geohash=gcnhvd602txg&time=ASAP,"Unit 1, Glenfrome House, Bristol, BS56XX"
206,The Athenian - Vegan Greek Kitchen,Bristol,bristol-editions-site,https://deliveroo.co.uk/menu/Bristol/bristol-editions-site/the-athenian-plant-based-editions-brs?day=today&geohash=gcnhvd602txg&time=ASAP,"Unit 1, Glenfrome House, Bristol, BS56XX"
207,Mindful Chef,Bristol,bristol-editions-site,https://deliveroo.co.uk/menu/Bristol/bristol-editions-site/mindful-chef-editions-brs?day=today&geohash=gcnhvd602txg&time=ASAP,"Unit 1, Glenfrome House, Bristol, BS56XX"
208,TRIP CBD Store,Bristol,bristol-editions-site,https://deliveroo.co.uk/menu/Bristol/bristol-editions-site/trip-cbd-store-editions-brs?day=today&geohash=gcnhvd602txg&time=ASAP,"Unit 1, Glenfrome House, Bristol, BS56XX"
209,WING¬∑STOP,Glasgow,glasgow-editions,https://deliveroo.co.uk/menu/Glasgow/glasgow-editions/wingstop-editions-glg?day=today&geohash=gcuvwzjhqpyr&time=ASAP,"1-3 Scotland Street, Glasgow, G58JY"
210,The Athenian - Greek Gyros & Halloumi Fries,Glasgow,glasgow-editions,https://deliveroo.co.uk/menu/Glasgow/glasgow-editions/the-athenian-editions-glasgow?day=today&geohash=gcuvwzjhqpyr&time=ASAP,"1-3 Scotland Street, Glasgow, G58NB"
211,Luxford Burgers,Glasgow,glasgow-editions,https://deliveroo.co.uk/menu/Glasgow/glasgow-editions/luxford-burgers-editions-glg?day=today&geohash=gcuvwzjhqpyr&time=ASAP,"1-3 Scotland Street, Glasgow, G58NB"
212,The Poke Shack ,Glasgow,glasgow-editions,https://deliveroo.co.uk/menu/Glasgow/glasgow-editions/poke-shack-editions-glg?day=today&geohash=gcuvwzjhqpyr&time=ASAP,"1-3 Scotland Street, Glasgow, G58NB"
213,The Athenian - Vegan Greek Kitchen,Glasgow,glasgow-editions,https://deliveroo.co.uk/menu/Glasgow/glasgow-editions/the-athenian-plant-based-editions-glasgow?day=today&geohash=gcuvwzjhqpyr&time=ASAP,"1-3 Scotland Street, Glasgow, G58NB"
214,Sabor - Latin American,Glasgow,glasgow-editions,https://deliveroo.co.uk/menu/Glasgow/glasgow-editions/sabor-editions-glg?day=today&geohash=gcuvwzjhqpyr&time=ASAP,"1 Scotland Street, Glasgow, G58NB"
215,Bulked - Loaded Fries,Glasgow,glasgow-editions,https://deliveroo.co.uk/menu/Glasgow/glasgow-editions/bulked-editions-glg?day=today&geohash=gcuvwzjhqpyr&time=ASAP,"1 Scotland Street, Glasgow, G58NB"
216,Mindful Chef,Glasgow,glasgow-editions,https://deliveroo.co.uk/menu/Glasgow/glasgow-editions/mindful-chef-editions-glg?day=today&geohash=gcuvwzjhqpyr&time=ASAP,"1-3 Scotland Street, Glasgow, G58NB"
217,Sprigg - Ingram Street,Glasgow,glasgow-city-centre,https://deliveroo.co.uk/menu/Glasgow/glasgow-city-centre/sprigg-ingram-st?geohash=gcuvwzjhqpyr,"241 Ingram St, Glasgow, G11DA"
